Workbook
Name Slicer_ABA_VERIFIED: #N/A
Name Slicer_region: #N/A
Name Slicer_STATE_FULL: #N/A

Sheet Descriptive Dashboard
A2: NIRD Burn Dashboard
A3: Evaluating Burn Trauma cases in the US
D9: State | E9: Burn Beds Adult | F9: Burn Beds Peds | G9: Beds dedicated to burn care | H9: Total staffed hospital beds
D10: Texas | E10: 8 | F10: 6 | G10: 206 | H10: 22794
D11: California | E11: 12 | F11: 11 | G11: 140 | H11: 22552
D12: Florida | E12: 6 | F12: 2 | G12: 85 | H12: 19224
D13: New York | E13: 10 | F13: 7 | G13: 143 | H13: 18413
D14: Illinois | E14: 5 | F14: 4 | G14: 77 | H14: 18258
D15: Michigan | E15: 5 | F15: 3 | G15: 69 | H15: 16872
D16: Pennsylvania | E16: 6 | F16: 3 | G16: 83 | H16: 15191
D17: Ohio | E17: 6 | F17: 4 | G17: 94 | H17: 14406
D18: Missouri | E18: 5 | F18: 5 | G18: 93 | H18: 9605
D19: Georgia | E19: 3 | F19: 3 | G19: 129 | H19: 8153
D20: North Carolina | E20: 2 | F20: 2 | G20: 60 | H20: 7360
D21: Virginia | E21: 3 | F21: 2 | G21: 68 | H21: 7153
D22: Connecticut | E22: 1 | G22: 9 | H22: 6652
D23: Colorado | E23: 3 | F23: 2 | G23: 52 | H23: 6332
D24: Arizona | E24: 2 | F24: 2 | G24: 80 | H24: 6110
D25: New Jersey | E25: 1 | F25: 1 | G25: 12 | H25: 6037
D26: Massachusetts | E26: 2 | F26: 1 | G26: 52 | H26: 5719
D27: Minnesota | E27: 3 | F27: 3 | G27: 50 | H27: 5293
D28: Wisconsin | E28: 2 | F28: 3 | G28: 28 | H28: 4839
D29: Indiana | E29: 3 | F29: 3 | G29: 41 | H29: 4659
D30: South Carolina | E30: 1 | F30: 1 | G30: 25 | H30: 4337
D31: Tennessee | E31: 3 | F31: 2 | G31: 51 | H31: 4139
D32: Louisiana | E32: 4 | F32: 1 | G32: 47 | H32: 3739
D33: Alabama | E33: 2 | F33: 1 | G33: 52 | H33: 3559
D34: Kansas | E34: 2 | F34: 2 | G34: 28 | H34: 3212
... D39: Maryland | E39: 1 | F39: 1 | G39: 20 | H39: 2673
D40: West Virginia | E40: 1 | G40: 4 | H40: 2565
D41: Nebraska | E41: 1 | F41: 1 | G41: 16 | H41: 2366
D42: Iowa | E42: 1 | F42: 1 | G42: 17 | H42: 2296
D43: Mississippi | H43: 2237
D44: Nevada | E44: 2 | F44: 2 | G44: 31 | H44: 2073
D45: Kentucky | E45: 1 | G45: 16 | H45: 1997
D46: District of Columbia | E46: 1 | F46: 1 | G46: 41 | H46: 1920
D47: South Dakota | H47: 1507
D48: Idaho | E48: 1 | F48: 1 | G48: 15 | H48: 1471
D49: North Dakota | H49: 1453
D50: Montana | H50: 1357
D51: Delaware | H51: 1277
D52: Oklahoma | E52: 2 | F52: 1 | G52: 33 | H52: 1264
D53: Hawaii | E53: 1 | F53: 1 | G53: 7 | H53: 1246
D54: New Hampshire | H54: 1207
D55: Maine | E55: 1 | G55: 6 | H55: 1048
D56: Rhode Island | E56: 1 | F56: 1 | H56: 719
D57: Vermont | E57: 1 | G57: 9 | H57: 620
D58: Alaska | H58: 574
D59: New Mexico | E59: 1 | F59: 1 | G59: 10 | H59: 556
D60: Grand Total | E60: 120 | F60: 89 | G60: 2080 | H60: 288443

Sheet Sheet1
A3: Region | B3: Quantity | C3: =MAX(B4:B7)*1.3 -> 1101.1 | D3: Create a help column using lamda of 1.3
A4: South | B4: 847 | C4: =$C$3-B4 -> 254.1
A5: Midwest | B5: 513 | C5: =$C$3-B5 -> 588.1
A6: West | B6: 406 | C6: =$C$3-B6 -> 695.1
A7: Northeast | B7: 314 | C7: =$C$3-B7 -> 787.1
A11: Once the doughnut chart is created, it can be pasted on the dashshboard

Sheet Sheet2
A3: Region | B3: Sum of Dedicated Burn Beds
A4: Midwest | B4: 513
A5: Northeast | B5: 314
A6: South | B6: 847
A7: West | B7: 406

Sheet Analysis
A1: ABA_VERIFIED | B1: (All) | R1: STATE | S1: (All)
W2: Distribution of burn centres and by census region and state population | AO2: STATE | AP2: MT
A3: Values | D3: Row Labels | E3: Sum of BURN_BEDS(beds dedicated to burn care) | R3: Row Labels | S3: Sum of BURN_BEDS(beds dedicated to burn care) | V3: State | W3: Dedicated Burn Beds | X3: Total population | Y3: Normalization | Z3: Region | AF3: Helper | AV3: Row Labels | AW3: Sum of TOTAL_BEDS(Total staffed hospital beds) | BF3: State | BG3: Dedicated Burn Beds | BH3: Total population | BI3: Normalization | BJ3: Region | BN3: Row Labels | BO3: Sum of Dedicated Burn Beds | BP3: Sum of Total population
A4: Sum of BURN_ADULT | B4: 120 | D4: Texas | E4: 206 | F4: {=D4:E53} -> Texas | G4: 206 | H4: =_xlfn.XLOOKUP(D4,'State Population (2026)'!B:B,'State Population (2026)'!C:C,0) -> 31709821 | R4: Texas | S4: 206 | V4: Texas | W4: 206 | X4: 31709821 | Y4: =(Table2[[#This Row],[Dedicated Burn Beds]]/Table2[[#This Row],[Total population]])*100000 -> 0.64964101 | Z4: =_xlfn.XLOOKUP(Table2[[#This Row],[State]],'[1]State Regions'!$A:$A,'[1]State Regions'!$B:$B) -> South | AB4: Row Labels | AC4: Sum of BURN_BEDS(beds dedicated to burn care) | AD4: Region | AE4: Dedicated beds | AF4: =MAX(AE5:AE8)*1.3 -> 1101.1 | AG4: Data Column | AI4: Sum of BURN_BEDS(beds dedicated to burn care) | AJ4: Column Labels | AP4: Column Labels | AV4: West | AW4: 50886 | BF4: Texas | BG4: 206 | BH4: 31709821 | BI4: =(Table24[[#This Row],[Dedicated Burn Beds]]/Table24[[#This Row],[Total population]])*100000 -> 0.64964101 | BJ4: =_xlfn.XLOOKUP(Table24[[#This Row],[State]],'[1]State Regions'!$A:$A,'[1]State Regions'!$B:$B) -> South | BN4: California | BO4: 140 | BP4: 39355309
A5: Sum of BURN_PEDS | B5: 89 | D5: New York | E5: 143 | F5: New York | G5: 143 | H5: =_xlfn.XLOOKUP(D5,'State Population (2026)'!B:B,'State Population (2026)'!C:C,0) -> 20002427 | R5: New York | S5: 143 | V5: New York | W5: 143 | X5: 20002427 | Y5: =(Table2[[#This Row],[Dedicated Burn Beds]]/Table2[[#This Row],[Total population]])*100000 -> 0.71491325 | Z5: =_xlfn.XLOOKUP(Table2[[#This Row],[State]],'[1]State Regions'!$A:$A,'[1]State Regions'!$B:$B) -> Northeast | AB5: South | AC5: 847 | AD5: {=AB5:AC8} -> South | AE5: 847 | AF5: =$AF$4-AE5 -> 254.1 | AG5: =AD5&"("&AE5&")" -> South(847) | AI5: Row Labels | AJ5: No | AK5: No data | AL5: Yes | AM5: Grand Total | AO5: Row Labels | AP5: No data | AQ5: Grand Total | AV5: California | AW5: 22552 | BF5: New York | BG5: 143 | BH5: 20002427 | BI5: =(Table24[[#This Row],[Dedicated Burn Beds]]/Table24[[#This Row],[Total population]])*100000 -> 0.71491325 | BJ5: =_xlfn.XLOOKUP(Table24[[#This Row],[State]],'[1]State Regions'!$A:$A,'[1]State Regions'!$B:$B) -> Northeast | BN5: Texas | BO5: 206 | BP5: 31709821
A6: Sum of BURN_BEDS(beds dedicated to burn care) | B6: 2080 | D6: California | E6: 140 | F6: California | G6: 140 | H6: =_xlfn.XLOOKUP(D6,'State Population (2026)'!B:B,'State Population (2026)'!C:C,0) -> 39355309 | R6: California | S6: 140 | V6: California | W6: 140 | X6: 39355309 | Y6: =(Table2[[#This Row],[Dedicated Burn Beds]]/Table2[[#This Row],[Total population]])*100000 -> 0.35573345 | Z6: =_xlfn.XLOOKUP(Table2[[#This Row],[State]],'[1]State Regions'!$A:$A,'[1]State Regions'!$B:$B) -> West | AB6: Midwest | AC6: 513 | AD6: Midwest | AE6: 513 | AF6: =$AF$4-AE6 -> 588.1 | AG6: =AD6&"("&AE6&")" -> Midwest(513) | AI6: South | AJ6: 345 | AK6: 52 | AL6: 450 | AM6: 847 | AO6: Montana | AV6: Colorado | AW6: 6332 | BF6: California | BG6: 140 | BH6: 39355309 | BI6: =(Table24[[#This Row],[Dedicated Burn Beds]]/Table24[[#This Row],[Total population]])*100000 -> 0.35573345 | BJ6: =_xlfn.XLOOKUP(Table24[[#This Row],[State]],'[1]State Regions'!$A:$A,'[1]State Regions'!$B:$B) -> West | BN6: Florida | BO6: 85 | BP6: 23462518
A7: Sum of TOTAL_BEDS(Total staffed hospital beds) | B7: 288443 | D7: Georgia | E7: 129 | F7: Georgia | G7: 129 | H7: =_xlfn.XLOOKUP(D7,'State Population (2026)'!B:B,'State Population (2026)'!C:C,0) -> 11302748 | R7: Georgia | S7: 129 | V7: Georgia | W7: 129 | X7: 11302748 | Y7: =(Table2[[#This Row],[Dedicated Burn Beds]]/Table2[[#This Row],[Total population]])*100000 -> 1.1413154 | Z7: =_xlfn.XLOOKUP(Table2[[#This Row],[State]],'[1]State Regions'!$A:$A,'[1]State Regions'!$B:$B) -> South | AB7: West | AC7: 406 | AD7: West | AE7: 406 | AF7: =$AF$4-AE7 -> 695.1 | AG7: =AD7&"("&AE7&")" -> West(406) | AI7: Midwest | AJ7: 204 | AL7: 309 | AM7: 513 | AO7: Cascade | AV7: Arizona | AW7: 6110 | BF7: Georgia | BG7: 129 | BH7: 11302748 | BI7: =(Table24[[#This Row],[Dedicated Burn Beds]]/Table24[[#This Row],[Total population]])*100000 -> 1.1413154 | BJ7: =_xlfn.XLOOKUP(Table24[[#This Row],[State]],'[1]State Regions'!$A:$A,'[1]State Regions'!$B:$B) -> South | BN7: New York | BO7: 143 | BP7: 20002427
D8: Ohio | E8: 94 | F8: Ohio | G8: 94 | H8: =_xlfn.XLOOKUP(D8,'State Population (2026)'!B:B,'State Population (2026)'!C:C,0) -> 11900510 | R8: Ohio | S8: 94 | V8: Ohio | W8: 94 | X8: 11900510 | Y8: =(Table2[[#This Row],[Dedicated Burn Beds]]/Table2[[#This Row],[Total population]])*100000 -> 0.78988211 | Z8: =_xlfn.XLOOKUP(Table2[[#This Row],[State]],'[1]State Regions'!$A:$A,'[1]State Regions'!$B:$B) -> Midwest | AB8: Northeast | AC8: 314 | AD8: Northeast | AE8: 314 | AF8: =$AF$4-AE8 -> 787.1 | AG8: =AD8&"("&AE8&")" -> Northeast(314) | AI8: West | AJ8: 126 | AL8: 280 | AM8: 406 | AO8: Sum of BURN_BEDS(beds dedicated to burn care) | AV8: Washington | AW8: 2978 | BF8: Ohio | BG8: 94 | BH8: 11900510 | BI8: =(Table24[[#This Row],[Dedicated Burn Beds]]/Table24[[#This Row],[Total population]])*100000 -> 0.78988211 | BJ8: =_xlfn.XLOOKUP(Table24[[#This Row],[State]],'[1]State Regions'!$A:$A,'[1]State Regions'!$B:$B) -> Midwest | BN8: Pennsylvania | BO8: 83 | BP8: 13059432
D9: Missouri | E9: 93 | F9: Missouri | G9: 93 | H9: =_xlfn.XLOOKUP(D9,'State Population (2026)'!B:B,'State Population (2026)'!C:C,0) -> 6270541 | R9: Missouri | S9: 93 | V9: Missouri | W9: 93 | X9: 6270541 | Y9: =(Table2[[#This Row],[Dedicated Burn Beds]]/Table2[[#This Row],[Total population]])*100000 -> 1.4831256 | Z9: =_xlfn.XLOOKUP(Table2[[#This Row],[State]],'[1]State Regions'!$A:$A,'[1]State Regions'!$B:$B) -> Midwest | AB9: Grand Total | AC9: 2080 | AI9: Northeast | AJ9: 82 | AL9: 232 | AM9: 314 | AO9: Sum of TOTAL_BEDS(Total staffed hospital beds) | AP9: 530 | AQ9: 530 | AV9: Utah | AW9: 2869 | BF9: Missouri | BG9: 93 | BH9: 6270541 | BI9: =(Table24[[#This Row],[Dedicated Burn Beds]]/Table24[[#This Row],[Total population]])*100000 -> 1.4831256 | BJ9: =_xlfn.XLOOKUP(Table24[[#This Row],[State]],'[1]State Regions'!$A:$A,'[1]State Regions'!$B:$B) -> Midwest | BN9: Illinois | BO9: 77 | BP9: 12719141
D10: Florida | E10: 85 | F10: Florida | G10: 85 | H10: =_xlfn.XLOOKUP(D10,'State Population (2026)'!B:B,'State Population (2026)'!C:C,0) -> 23462518 | R10: Florida | S10: 85 | V10: Florida | W10: 85 | X10: 23462518 | Y10: =(Table2[[#This Row],[Dedicated Burn Beds]]/Table2[[#This Row],[Total population]])*100000 -> 0.36227996 | Z10: =_xlfn.XLOOKUP(Table2[[#This Row],[State]],'[1]State Regions'!$A:$A,'[1]State Regions'!$B:$B) -> South | AI10: Grand Total | AJ10: 757 | AK10: 52 | AL10: 1271 | AM10: 2080 | AO10: Missoula | AV10: Oregon | AW10: 2768 | BF10: Florida | BG10: 85 | BH10: 23462518 | BI10: =(Table24[[#This Row],[Dedicated Burn Beds]]/Table24[[#This Row],[Total population]])*100000 -> 0.36227996 | BJ10: =_xlfn.XLOOKUP(Table24[[#This Row],[State]],'[1]State Regions'!$A:$A,'[1]State Regions'!$B:$B) -> South | BN10: Ohio | BO10: 94 | BP10: 11900510
D11: Pennsylvania | E11: 83 | F11: Pennsylvania | G11: 83 | H11: =_xlfn.XLOOKUP(D11,'State Population (2026)'!B:B,'State Population (2026)'!C:C,0) -> 13059432 | R11: Pennsylvania | S11: 83 | V11: Pennsylvania | W11: 83 | X11: 13059432 | Y11: =(Table2[[#This Row],[Dedicated Burn Beds]]/Table2[[#This Row],[Total population]])*100000 -> 0.63555597 | Z11: =_xlfn.XLOOKUP(Table2[[#This Row],[State]],'[1]State Regions'!$A:$A,'[1]State Regions'!$B:$B) -> Northeast | AO11: Sum of BURN_BEDS(beds dedicated to burn care) | AV11: Nevada | AW11: 2073 | BF11: Pennsylvania | BG11: 83 | BH11: 13059432 | BI11: =(Table24[[#This Row],[Dedicated Burn Beds]]/Table24[[#This Row],[Total population]])*100000 -> 0.63555597 | BJ11: =_xlfn.XLOOKUP(Table24[[#This Row],[State]],'[1]State Regions'!$A:$A,'[1]State Regions'!$B:$B) -> Northeast | BN11: Georgia | BO11: 129 | BP11: 11302748
D12: Arizona | E12: 80 | F12: Arizona | G12: 80 | H12: =_xlfn.XLOOKUP(D12,'State Population (2026)'!B:B,'State Population (2026)'!C:C,0) -> 7623818 | R12: Arizona | S12: 80 | V12: Arizona | W12: 80 | X12: 7623818 | Y12: =(Table2[[#This Row],[Dedicated Burn Beds]]/Table2[[#This Row],[Total population]])*100000 -> 1.049343 | Z12: =_xlfn.XLOOKUP(Table2[[#This Row],[State]],'[1]State Regions'!$A:$A,'[1]State Regions'!$B:$B) -> West | AJ12: Percentage of Verified beds ABA | AM12: =GETPIVOTDATA("BURN_BEDS(beds dedicated to burn care)",$AI$4,"ABA_VERIFIED","Yes")/GETPIVOTDATA("BURN_BEDS(beds dedicated to burn care)",$AI$4) -> 0.61105769 | AO12: Sum of TOTAL_BEDS(Total staffed hospital beds) | AP12: 237 | AQ12: 237 | AV12: Idaho | AW12: 1471 | BF12: Arizona | BG12: 80 | BH12: 7623818 | BI12: =(Table24[[#This Row],[Dedicated Burn Beds]]/Table24[[#This Row],[Total population]])*100000 -> 1.049343 | BJ12: =_xlfn.XLOOKUP(Table24[[#This Row],[State]],'[1]State Regions'!$A:$A,'[1]State Regions'!$B:$B) -> West | BN12: North Carolina | BO12: 60 | BP12: 11197968
D13: Illinois | E13: 77 | F13: Illinois | G13: 77 | H13: =_xlfn.XLOOKUP(D13,'State Population (2026)'!B:B,'State Population (2026)'!C:C,0) -> 12719141 | R13: Illinois | S13: 77 | V13: Illinois | W13: 77 | X13: 12719141 | Y13: =(Table2[[#This Row],[Dedicated Burn Beds]]/Table2[[#This Row],[Total population]])*100000 -> 0.60538679 | Z13: =_xlfn.XLOOKUP(Table2[[#This Row],[State]],'[1]State Regions'!$A:$A,'[1]State Regions'!$B:$B) -> Midwest | AO13: Yellowstone | AV13: Montana | AW13: 1357 | BF13: Illinois | BG13: 77 | BH13: 12719141 | BI13: =(Table24[[#This Row],[Dedicated Burn Beds]]/Table24[[#This Row],[Total population]])*100000 -> 0.60538679 | BJ13: =_xlfn.XLOOKUP(Table24[[#This Row],[State]],'[1]State Regions'!$A:$A,'[1]State Regions'!$B:$B) -> Midwest | BN13: Michigan | BO13: 69 | BP13: 10127884
A14: Row Labels | D14: Michigan | E14: 69 | F14: Michigan | G14: 69 | H14: =_xlfn.XLOOKUP(D14,'State Population (2026)'!B:B,'State Population (2026)'!C:C,0) -> 10127884 | R14: Michigan | S14: 69 | V14: Michigan | W14: 69 | X14: 10127884 | Y14: =(Table2[[#This Row],[Dedicated Burn Beds]]/Table2[[#This Row],[Total population]])*100000 -> 0.68128742 | Z14: =_xlfn.XLOOKUP(Table2[[#This Row],[State]],'[1]State Regions'!$A:$A,'[1]State Regions'!$B:$B) -> Midwest | AO14: Sum of BURN_BEDS(beds dedicated to burn care) | AV14: Hawaii | AW14: 1246 | BF14: Michigan | BG14: 69 | BH14: 10127884 | BI14: =(Table24[[#This Row],[Dedicated Burn Beds]]/Table24[[#This Row],[Total population]])*100000 -> 0.68128742 | BJ14: =_xlfn.XLOOKUP(Table24[[#This Row],[State]],'[1]State Regions'!$A:$A,'[1]State Regions'!$B:$B) -> Midwest | BN14: New Jersey | BO14: 12 | BP14: 9548215
A15: Alabama | D15: Virginia | E15: 68 | F15: Virginia | G15: 68 | H15: =_xlfn.XLOOKUP(D15,'State Population (2026)'!B:B,'State Population (2026)'!C:C,0) -> 8880107 | R15: Virginia | S15: 68 | V15: Virginia | W15: 68 | X15: 8880107 | Y15: =(Table2[[#This Row],[Dedicated Burn Beds]]/Table2[[#This Row],[Total population]])*100000 -> 0.76575654 | Z15: =_xlfn.XLOOKUP(Table2[[#This Row],[State]],'[1]State Regions'!$A:$A,'[1]State Regions'!$B:$B) -> South | AO15: Sum of TOTAL_BEDS(Total staffed hospital beds) | AP15: 590 | AQ15: 590 | AV15: Alaska | AW15: 574 | BF15: Virginia | BG15: 68 | BH15: 8880107 | BI15: =(Table24[[#This Row],[Dedicated Burn Beds]]/Table24[[#This Row],[Total population]])*100000 -> 0.76575654 | BJ15: =_xlfn.XLOOKUP(Table24[[#This Row],[State]],'[1]State Regions'!$A:$A,'[1]State Regions'!$B:$B) -> South | BN15: Virginia | BO15: 68 | BP15: 8880107
A16: Alaska | D16: North Carolina | E16: 60 | F16: North Carolina | G16: 60 | H16: =_xlfn.XLOOKUP(D16,'State Population (2026)'!B:B,'State Population (2026)'!C:C,0) -> 11197968 | R16: North Carolina | S16: 60 | V16: North Carolina | W16: 60 | X16: 11197968 | Y16: =(Table2[[#This Row],[Dedicated Burn Beds]]/Table2[[#This Row],[Total population]])*100000 -> 0.5358115 | Z16: =_xlfn.XLOOKUP(Table2[[#This Row],[State]],'[1]State Regions'!$A:$A,'[1]State Regions'!$B:$B) -> South | AO16: Montana Sum of BURN_BEDS(beds dedicated to burn care) | AV16: New Mexico | AW16: 556 | BF16: North Carolina | BG16: 60 | BH16: 11197968 | BI16: =(Table24[[#This Row],[Dedicated Burn Beds]]/Table24[[#This Row],[Total population]])*100000 -> 0.5358115 | BJ16: =_xlfn.XLOOKUP(Table24[[#This Row],[State]],'[1]State Regions'!$A:$A,'[1]State Regions'!$B:$B) -> South | BN16: Washington | BO16: 40 | BP16: 8001020
A17: Arizona | D17: Alabama | E17: 52 | F17: Alabama | G17: 52 | H17: =_xlfn.XLOOKUP(D17,'State Population (2026)'!B:B,'State Population (2026)'!C:C,0) -> 5193088 | R17: Alabama | S17: 52 | V17: Alabama | W17: 52 | X17: 5193088 | Y17: =(Table2[[#This Row],[Dedicated Burn Beds]]/Table2[[#This Row],[Total population]])*100000 -> 1.001331 | Z17: =_xlfn.XLOOKUP(Table2[[#This Row],[State]],'[1]State Regions'!$A:$A,'[1]State Regions'!$B:$B) -> South | AO17: Montana Sum of TOTAL_BEDS(Total staffed hospital beds) | AP17: 1357 | AQ17: 1357 | AV17: Grand Total | AW17: 50886 | BF17: Alabama | BG17: 52 | BH17: 5193088 | BI17: =(Table24[[#This Row],[Dedicated Burn Beds]]/Table24[[#This Row],[Total population]])*100000 -> 1.001331 | BJ17: =_xlfn.XLOOKUP(Table24[[#This Row],[State]],'[1]State Regions'!$A:$A,'[1]State Regions'!$B:$B) -> South | BN17: Arizona | BO17: 80 | BP17: 7623818
A18: Arkansas | D18: Colorado | E18: 52 | F18: Colorado | G18: 52 | H18: =_xlfn.XLOOKUP(D18,'State Population (2026)'!B:B,'State Population (2026)'!C:C,0) -> 6012561 | R18: Colorado | S18: 52 | V18: Colorado | W18: 52 | X18: 6012561 | Y18: =(Table2[[#This Row],[Dedicated Burn Beds]]/Table2[[#This Row],[Total population]])*100000 -> 0.86485609 | Z18: =_xlfn.XLOOKUP(Table2[[#This Row],[State]],'[1]State Regions'!$A:$A,'[1]State Regions'!$B:$B) -> West | AO18: Total Sum of BURN_BEDS(beds dedicated to burn care) | BF18: Colorado | BG18: 52 | BH18: 6012561 | BI18: =(Table24[[#This Row],[Dedicated Burn Beds]]/Table24[[#This Row],[Total population]])*100000 -> 0.86485609 | BJ18: =_xlfn.XLOOKUP(Table24[[#This Row],[State]],'[1]State Regions'!$A:$A,'[1]State Regions'!$B:$B) -> West | BN18: Tennessee | BO18: 51 | BP18: 7315076
A19: California | D19: Massachusetts | E19: 52 | F19: Massachusetts | G19: 52 | H19: =_xlfn.XLOOKUP(D19,'State Population (2026)'!B:B,'State Population (2026)'!C:C,0) -> 7154084 | R19: Massachusetts | S19: 52 | V19: Massachusetts | W19: 52 | X19: 7154084 | Y19: =(Table2[[#This Row],[Dedicated Burn Beds]]/Table2[[#This Row],[Total population]])*100000 -> 0.72685755 | Z19: =_xlfn.XLOOKUP(Table2[[#This Row],[State]],'[1]State Regions'!$A:$A,'[1]State Regions'!$B:$B) -> Northeast | AO19: Total Sum of TOTAL_BEDS(Total staffed hospital beds) | AP19: 1357 | AQ19: 1357 | BF19: Massachusetts | BG19: 52 | BH19: 7154084 | BI19: =(Table24[[#This Row],[Dedicated Burn Beds]]/Table24[[#This Row],[Total population]])*100000 -> 0.72685755 | BJ19: =_xlfn.XLOOKUP(Table24[[#This Row],[State]],'[1]State Regions'!$A:$A,'[1]State Regions'!$B:$B) -> Northeast | BN19: Massachusetts | BO19: 52 | BP19: 7154084
A20: Colorado | D20: Tennessee | E20: 51 | F20: Tennessee | G20: 51 | H20: =_xlfn.XLOOKUP(D20,'State Population (2026)'!B:B,'State Population (2026)'!C:C,0) -> 7315076 | R20: Tennessee | S20: 51 | V20: Tennessee | W20: 51 | X20: 7315076 | Y20: =(Table2[[#This Row],[Dedicated Burn Beds]]/Table2[[#This Row],[Total population]])*100000 -> 0.6971903 | Z20: =_xlfn.XLOOKUP(Table2[[#This Row],[State]],'[1]State Regions'!$A:$A,'[1]State Regions'!$B:$B) -> South | BF20: Tennessee | BG20: 51 | BH20: 7315076 | BI20: =(Table24[[#This Row],[Dedicated Burn Beds]]/Table24[[#This Row],[Total population]])*100000 -> 0.6971903 | BJ20: =_xlfn.XLOOKUP(Table24[[#This Row],[State]],'[1]State Regions'!$A:$A,'[1]State Regions'!$B:$B) -> South | BN20: Indiana | BO20: 41 | BP20: 6973333
A21: Connecticut | D21: Minnesota | E21: 50 | F21: Minnesota | G21: 50 | H21: =_xlfn.XLOOKUP(D21,'State Population (2026)'!B:B,'State Population (2026)'!C:C,0) -> 5830405 | R21: Minnesota | S21: 50 | V21: Minnesota | W21: 50 | X21: 5830405 | Y21: =(Table2[[#This Row],[Dedicated Burn Beds]]/Table2[[#This Row],[Total population]])*100000 -> 0.85757336 | Z21: =_xlfn.XLOOKUP(Table2[[#This Row],[State]],'[1]State Regions'!$A:$A,'[1]State Regions'!$B:$B) -> Midwest | BF21: Minnesota | BG21: 50 | BH21: 5830405 | BI21: =(Table24[[#This Row],[Dedicated Burn Beds]]/Table24[[#This Row],[Total population]])*100000 -> 0.85757336 | BJ21: =_xlfn.XLOOKUP(Table24[[#This Row],[State]],'[1]State Regions'!$A:$A,'[1]State Regions'!$B:$B) -> Midwest | BN21: Missouri | BO21: 93 | BP21: 6270541
A22: Delaware | D22: Louisiana | E22: 47 | F22: Louisiana | G22: 47 | H22: =_xlfn.XLOOKUP(D22,'State Population (2026)'!B:B,'State Population (2026)'!C:C,0) -> 4618189 | R22: Louisiana | S22: 47 | V22: Louisiana | W22: 47 | X22: 4618189 | Y22: =(Table2[[#This Row],[Dedicated Burn Beds]]/Table2[[#This Row],[Total population]])*100000 -> 1.017715 | Z22: =_xlfn.XLOOKUP(Table2[[#This Row],[State]],'[1]State Regions'!$A:$A,'[1]State Regions'!$B:$B) -> South | BF22: Louisiana | BG22: 47 | BH22: 4618189 | BI22: =(Table24[[#This Row],[Dedicated Burn Beds]]/Table24[[#This Row],[Total population]])*100000 -> 1.017715 | BJ22: =_xlfn.XLOOKUP(Table24[[#This Row],[State]],'[1]State Regions'!$A:$A,'[1]State Regions'!$B:$B) -> South | BN22: Maryland | BO22: 20 | BP22: 6265347
A23: District of Columbia | D23: Indiana | E23: 41 | F23: Indiana | G23: 41 | H23: =_xlfn.XLOOKUP(D23,'State Population (2026)'!B:B,'State Population (2026)'!C:C,0) -> 6973333 | R23: Indiana | S23: 41 | V23: Indiana | W23: 41 | X23: 6973333 | Y23: =(Table2[[#This Row],[Dedicated Burn Beds]]/Table2[[#This Row],[Total population]])*100000 -> 0.58795414 | Z23: =_xlfn.XLOOKUP(Table2[[#This Row],[State]],'[1]State Regions'!$A:$A,'[1]State Regions'!$B:$B) -> Midwest | BF23: Indiana | BG23: 41 | BH23: 6973333 | BI23: =(Table24[[#This Row],[Dedicated Burn Beds]]/Table24[[#This Row],[Total population]])*100000 -> 0.58795414 | BJ23: =_xlfn.XLOOKUP(Table24[[#This Row],[State]],'[1]State Regions'!$A:$A,'[1]State Regions'!$B:$B) -> Midwest | BN23: Colorado | BO23: 52 | BP23: 6012561
A24: Florida | D24: District of Columbia | E24: 41 | F24: District of Columbia | G24: 41 | H24: =_xlfn.XLOOKUP(D24,'State Population (2026)'!B:B,'State Population (2026)'!C:C,0) -> 693645 | R24: District of Columbia | S24: 41 | V24: District of Columbia | W24: 41 | X24: 693645 | Y24: =(Table2[[#This Row],[Dedicated Burn Beds]]/Table2[[#This Row],[Total population]])*100000 -> 5.9108045 | Z24: =_xlfn.XLOOKUP(Table2[[#This Row],[State]],'[1]State Regions'!$A:$A,'[1]State Regions'!$B:$B) -> South | BF24: District of Columbia | BG24: 41 | BH24: 693645 | BI24: =(Table24[[#This Row],[Dedicated Burn Beds]]/Table24[[#This Row],[Total population]])*100000 -> 5.9108045 | BJ24: =_xlfn.XLOOKUP(Table24[[#This Row],[State]],'[1]State Regions'!$A:$A,'[1]State Regions'!$B:$B) -> South | BN24: Wisconsin | BO24: 28 | BP24: 5972787
A25: Georgia | D25: Washington | E25: 40 | F25: Washington | G25: 40 | H25: =_xlfn.XLOOKUP(D25,'State Population (2026)'!B:B,'State Population (2026)'!C:C,0) -> 8001020 | R25: Washington | S25: 40 | V25: Washington | W25: 40 | X25: 8001020 | Y25: =(Table2[[#This Row],[Dedicated Burn Beds]]/Table2[[#This Row],[Total population]])*100000 -> 0.49993626 | Z25: =_xlfn.XLOOKUP(Table2[[#This Row],[State]],'[1]State Regions'!$A:$A,'[1]State Regions'!$B:$B) -> West | BF25: Washington | BG25: 40 | BH25: 8001020 | BI25: =(Table24[[#This Row],[Dedicated Burn Beds]]/Table24[[#This Row],[Total population]])*100000 -> 0.49993626 | BJ25: =_xlfn.XLOOKUP(Table24[[#This Row],[State]],'[1]State Regions'!$A:$A,'[1]State Regions'!$B:$B) -> West | BN25: Minnesota | BO25: 50 | BP25: 5830405
A26: Hawaii | D26: Oklahoma | E26: 33 | F26: Oklahoma | G26: 33 | H26: =_xlfn.XLOOKUP(D26,'State Population (2026)'!B:B,'State Population (2026)'!C:C,0) -> 4123288 | R26: Oklahoma | S26: 33 | V26: Oklahoma | W26: 33 | X26: 4123288 | Y26: =(Table2[[#This Row],[Dedicated Burn Beds]]/Table2[[#This Row],[Total population]])*100000 -> 0.80033216 | Z26: =_xlfn.XLOOKUP(Table2[[#This Row],[State]],'[1]State Regions'!$A:$A,'[1]State Regions'!$B:$B) -> South | BF26: Oklahoma | BG26: 33 | BH26: 4123288 | BI26: =(Table24[[#This Row],[Dedicated Burn Beds]]/Table24[[#This Row],[Total population]])*100000 -> 0.80033216 | BJ26: =_xlfn.XLOOKUP(Table24[[#This Row],[State]],'[1]State Regions'!$A:$A,'[1]State Regions'!$B:$B) -> South | BN26: South Carolina | BO26: 25 | BP26: 5570274
A27: Idaho | D27: Nevada | E27: 31 | F27: Nevada | G27: 31 | H27: =_xlfn.XLOOKUP(D27,'State Population (2026)'!B:B,'State Population (2026)'!C:C,0) -> 3282188 | R27: Nevada | S27: 31 | V27: Nevada | W27: 31 | X27: 3282188 | Y27: =(Table2[[#This Row],[Dedicated Burn Beds]]/Table2[[#This Row],[Total population]])*100000 -> 0.94449191 | Z27: =_xlfn.XLOOKUP(Table2[[#This Row],[State]],'[1]State Regions'!$A:$A,'[1]State Regions'!$B:$B) -> West | BF27: Nevada | BG27: 31 | BH27: 3282188 | BI27: =(Table24[[#This Row],[Dedicated Burn Beds]]/Table24[[#This Row],[Total population]])*100000 -> 0.94449191 | BJ27: =_xlfn.XLOOKUP(Table24[[#This Row],[State]],'[1]State Regions'!$A:$A,'[1]State Regions'!$B:$B) -> West | BN27: Alabama | BO27: 52 | BP27: 5193088
A28: Illinois | D28: Wisconsin | E28: 28 | F28: Wisconsin | G28: 28 | H28: =_xlfn.XLOOKUP(D28,'State Population (2026)'!B:B,'State Population (2026)'!C:C,0) -> 5972787 | R28: Wisconsin | S28: 28 | V28: Wisconsin | W28: 28 | X28: 5972787 | Y28: =(Table2[[#This Row],[Dedicated Burn Beds]]/Table2[[#This Row],[Total population]])*100000 -> 0.46879288 | Z28: =_xlfn.XLOOKUP(Table2[[#This Row],[State]],'[1]State Regions'!$A:$A,'[1]State Regions'!$B:$B) -> Midwest | BF28: Wisconsin | BG28: 28 | BH28: 5972787 | BI28: =(Table24[[#This Row],[Dedicated Burn Beds]]/Table24[[#This Row],[Total population]])*100000 -> 0.46879288 | BJ28: =_xlfn.XLOOKUP(Table24[[#This Row],[State]],'[1]State Regions'!$A:$A,'[1]State Regions'!$B:$B) -> Midwest | BN28: Louisiana | BO28: 47 | BP28: 4618189
A29: Indiana | D29: Kansas | E29: 28 | F29: Kansas | G29: 28 | H29: =_xlfn.XLOOKUP(D29,'State Population (2026)'!B:B,'State Population (2026)'!C:C,0) -> 2977220 | R29: Kansas | S29: 28 | V29: Kansas | W29: 28 | X29: 2977220 | Y29: =(Table2[[#This Row],[Dedicated Burn Beds]]/Table2[[#This Row],[Total population]])*100000 -> 0.94047467 | Z29: =_xlfn.XLOOKUP(Table2[[#This Row],[State]],'[1]State Regions'!$A:$A,'[1]State Regions'!$B:$B) -> Midwest | BF29: Kansas | BG29: 28 | BH29: 2977220 | BI29: =(Table24[[#This Row],[Dedicated Burn Beds]]/Table24[[#This Row],[Total population]])*100000 -> 0.94047467 | BJ29: =_xlfn.XLOOKUP(Table24[[#This Row],[State]],'[1]State Regions'!$A:$A,'[1]State Regions'!$B:$B) -> Midwest | BN29: Kentucky | BO29: 16 | BP29: 4606864
A30: Iowa | D30: South Carolina | E30: 25 | F30: South Carolina | G30: 25 | H30: =_xlfn.XLOOKUP(D30,'State Population (2026)'!B:B,'State Population (2026)'!C:C,0) -> 5570274 | R30: South Carolina | S30: 25 | V30: South Carolina | W30: 25 | X30: 5570274 | Y30: =(Table2[[#This Row],[Dedicated Burn Beds]]/Table2[[#This Row],[Total population]])*100000 -> 0.44881096 | Z30: =_xlfn.XLOOKUP(Table2[[#This Row],[State]],'[1]State Regions'!$A:$A,'[1]State Regions'!$B:$B) -> South | BF30: South Carolina | BG30: 25 | BH30: 5570274 | BI30: =(Table24[[#This Row],[Dedicated Burn Beds]]/Table24[[#This Row],[Total population]])*100000 -> 0.44881096 | BJ30: =_xlfn.XLOOKUP(Table24[[#This Row],[State]],'[1]State Regions'!$A:$A,'[1]State Regions'!$B:$B) -> South | BN30: Oregon | BO30: 16 | BP30: 4273586
A31: Kansas | D31: Maryland | E31: 20 | F31: Maryland | G31: 20 | H31: =_xlfn.XLOOKUP(D31,'State Population (2026)'!B:B,'State Population (2026)'!C:C,0) -> 6265347 | R31: Maryland | S31: 20 | V31: Maryland | W31: 20 | X31: 6265347 | Y31: =(Table2[[#This Row],[Dedicated Burn Beds]]/Table2[[#This Row],[Total population]])*100000 -> 0.31921616 | Z31: =_xlfn.XLOOKUP(Table2[[#This Row],[State]],'[1]State Regions'!$A:$A,'[1]State Regions'!$B:$B) -> South | BF31: Maryland | BG31: 20 | BH31: 6265347 | BI31: =(Table24[[#This Row],[Dedicated Burn Beds]]/Table24[[#This Row],[Total population]])*100000 -> 0.31921616 | BJ31: =_xlfn.XLOOKUP(Table24[[#This Row],[State]],'[1]State Regions'!$A:$A,'[1]State Regions'!$B:$B) -> South | BN31: Oklahoma | BO31: 33 | BP31: 4123288
A32: Kentucky | D32: Iowa | E32: 17 | F32: Iowa | G32: 17 | H32: =_xlfn.XLOOKUP(D32,'State Population (2026)'!B:B,'State Population (2026)'!C:C,0) -> 3238387 | R32: Iowa | S32: 17 | V32: Iowa | W32: 17 | X32: 3238387 | Y32: =(Table2[[#This Row],[Dedicated Burn Beds]]/Table2[[#This Row],[Total population]])*100000 -> 0.5249527 | Z32: =_xlfn.XLOOKUP(Table2[[#This Row],[State]],'[1]State Regions'!$A:$A,'[1]State Regions'!$B:$B) -> Midwest | AO32: Trauma report 2022: Summary of 2021 Data | BF32: Iowa | BG32: 17 | BH32: 3238387 | BI32: =(Table24[[#This Row],[Dedicated Burn Beds]]/Table24[[#This Row],[Total population]])*100000 -> 0.5249527 | BJ32: =_xlfn.XLOOKUP(Table24[[#This Row],[State]],'[1]State Regions'!$A:$A,'[1]State Regions'!$B:$B) -> Midwest | BN32: Connecticut | BO32: 9 | BP32: 3688496
A33: Louisiana | D33: Nebraska | E33: 16 | F33: Nebraska | G33: 16 | H33: =_xlfn.XLOOKUP(D33,'State Population (2026)'!B:B,'State Population (2026)'!C:C,0) -> 2018006 | R33: Nebraska | S33: 16 | V33: Nebraska | W33: 16 | X33: 2018006 | Y33: =(Table2[[#This Row],[Dedicated Burn Beds]]/Table2[[#This Row],[Total population]])*100000 -> 0.79286186 | Z33: =_xlfn.XLOOKUP(Table2[[#This Row],[State]],'[1]State Regions'!$A:$A,'[1]State Regions'!$B:$B) -> Midwest | AO33: Source: Montana Trauma Registry Annual Report 2022 | BF33: Nebraska | BG33: 16 | BH33: 2018006 | BI33: =(Table24[[#This Row],[Dedicated Burn Beds]]/Table24[[#This Row],[Total population]])*100000 -> 0.79286186 | BJ33: =_xlfn.XLOOKUP(Table24[[#This Row],[State]],'[1]State Regions'!$A:$A,'[1]State Regions'!$B:$B) -> Midwest | BN33: Utah | BO33: 15 | BP33: 3538904
A34: Maine | D34: Kentucky | E34: 16 | F34: Kentucky | G34: 16 | H34: =_xlfn.XLOOKUP(D34,'State Population (2026)'!B:B,'State Population (2026)'!C:C,0) -> 4606864 | R34: Kentucky | S34: 16 | V34: Kentucky | W34: 16 | X34: 4606864 | Y34: =(Table2[[#This Row],[Dedicated Burn Beds]]/Table2[[#This Row],[Total population]])*100000 -> 0.34730784 | Z34: =_xlfn.XLOOKUP(Table2[[#This Row],[State]],'[1]State Regions'!$A:$A,'[1]State Regions'!$B:$B) -> South | BF34: Kentucky | BG34: 16 | BH34: 4606864 | BI34: =(Table24[[#This Row],[Dedicated Burn Beds]]/Table24[[#This Row],[Total population]])*100000 -> 0.34730784 | BJ34: =_xlfn.XLOOKUP(Table24[[#This Row],[State]],'[1]State Regions'!$A:$A,'[1]State Regions'!$B:$B) -> South | BN34: Nevada | BO34: 31 | BP34: 3282188
A35: Maryland | D35: Oregon | E35: 16 | F35: Oregon | G35: 16 | H35: =_xlfn.XLOOKUP(D35,'State Population (2026)'!B:B,'State Population (2026)'!C:C,0) -> 4273586 | R35: Oregon | S35: 16 | V35: Oregon | W35: 16 | X35: 4273586 | Y35: =(Table2[[#This Row],[Dedicated Burn Beds]]/Table2[[#This Row],[Total population]])*100000 -> 0.37439284 | Z35: =_xlfn.XLOOKUP(Table2[[#This Row],[State]],'[1]State Regions'!$A:$A,'[1]State Regions'!$B:$B) -> West | BF35: Oregon | BG35: 16 | BH35: 4273586 | BI35: =(Table24[[#This Row],[Dedicated Burn Beds]]/Table24[[#This Row],[Total population]])*100000 -> 0.37439284 | BJ35: =_xlfn.XLOOKUP(Table24[[#This Row],[State]],'[1]State Regions'!$A:$A,'[1]State Regions'!$B:$B) -> West | BN35: Iowa | BO35: 17 | BP35: 3238387
A36: Massachusetts | D36: Idaho | E36: 15 | F36: Idaho | G36: 15 | H36: =_xlfn.XLOOKUP(D36,'State Population (2026)'!B:B,'State Population (2026)'!C:C,0) -> 2029733 | R36: Idaho | S36: 15 | V36: Idaho | W36: 15 | X36: 2029733 | Y36: =(Table2[[#This Row],[Dedicated Burn Beds]]/Table2[[#This Row],[Total population]])*100000 -> 0.73901346 | Z36: =_xlfn.XLOOKUP(Table2[[#This Row],[State]],'[1]State Regions'!$A:$A,'[1]State Regions'!$B:$B) -> West | BF36: Idaho | BG36: 15 | BH36: 2029733 | BI36: =(Table24[[#This Row],[Dedicated Burn Beds]]/Table24[[#This Row],[Total population]])*100000 -> 0.73901346 | BJ36: =_xlfn.XLOOKUP(Table24[[#This Row],[State]],'[1]State Regions'!$A:$A,'[1]State Regions'!$B:$B) -> West | BN36: Arkansas | BO36: 10 | BP36: 3114791
A37: Michigan | D37: Utah | E37: 15 | F37: Utah | G37: 15 | H37: =_xlfn.XLOOKUP(D37,'State Population (2026)'!B:B,'State Population (2026)'!C:C,0) -> 3538904 | R37: Utah | S37: 15 | V37: Utah | W37: 15 | X37: 3538904 | Y37: =(Table2[[#This Row],[Dedicated Burn Beds]]/Table2[[#This Row],[Total population]])*100000 -> 0.42386004 | Z37: =_xlfn.XLOOKUP(Table2[[#This Row],[State]],'[1]State Regions'!$A:$A,'[1]State Regions'!$B:$B) -> West | BF37: Utah | BG37: 15 | BH37: 3538904 | BI37: =(Table24[[#This Row],[Dedicated Burn Beds]]/Table24[[#This Row],[Total population]])*100000 -> 0.42386004 | BJ37: =_xlfn.XLOOKUP(Table24[[#This Row],[State]],'[1]State Regions'!$A:$A,'[1]State Regions'!$B:$B) -> West | BN37: Kansas | BO37: 28 | BP37: 2977220
A38: Mississippi | D38: New Jersey | E38: 12 | F38: New Jersey | G38: 12 | H38: =_xlfn.XLOOKUP(D38,'State Population (2026)'!B:B,'State Population (2026)'!C:C,0) -> 9548215 | R38: New Jersey | S38: 12 | V38: New Jersey | W38: 12 | X38: 9548215 | Y38: =(Table2[[#This Row],[Dedicated Burn Beds]]/Table2[[#This Row],[Total population]])*100000 -> 0.12567794 | Z38: =_xlfn.XLOOKUP(Table2[[#This Row],[State]],'[1]State Regions'!$A:$A,'[1]State Regions'!$B:$B) -> Northeast | BF38: New Jersey | BG38: 12 | BH38: 9548215 | BI38: =(Table24[[#This Row],[Dedicated Burn Beds]]/Table24[[#This Row],[Total population]])*100000 -> 0.12567794 | BJ38: =_xlfn.XLOOKUP(Table24[[#This Row],[State]],'[1]State Regions'!$A:$A,'[1]State Regions'!$B:$B) -> Northeast | BN38: Mississippi | BO38: 0 | BP38: 2954160
A39: Missouri | D39: New Mexico | E39: 10 | F39: New Mexico | G39: 10 | H39: =_xlfn.XLOOKUP(D39,'State Population (2026)'!B:B,'State Population (2026)'!C:C,0) -> 2125498 | R39: New Mexico | S39: 10 | V39: New Mexico | W39: 10 | X39: 2125498 | Y39: =(Table2[[#This Row],[Dedicated Burn Beds]]/Table2[[#This Row],[Total population]])*100000 -> 0.47047798 | Z39: =_xlfn.XLOOKUP(Table2[[#This Row],[State]],'[1]State Regions'!$A:$A,'[1]State Regions'!$B:$B) -> West | BF39: New Mexico | BG39: 10 | BH39: 2125498 | BI39: =(Table24[[#This Row],[Dedicated Burn Beds]]/Table24[[#This Row],[Total population]])*100000 -> 0.47047798 | BJ39: =_xlfn.XLOOKUP(Table24[[#This Row],[State]],'[1]State Regions'!$A:$A,'[1]State Regions'!$B:$B) -> West | BN39: New Mexico | BO39: 10 | BP39: 2125498
A40: Montana | D40: Arkansas | E40: 10 | F40: Arkansas | G40: 10 | H40: =_xlfn.XLOOKUP(D40,'State Population (2026)'!B:B,'State Population (2026)'!C:C,0) -> 3114791 | R40: Arkansas | S40: 10 | V40: Arkansas | W40: 10 | X40: 3114791 | Y40: =(Table2[[#This Row],[Dedicated Burn Beds]]/Table2[[#This Row],[Total population]])*100000 -> 0.32104883 | Z40: =_xlfn.XLOOKUP(Table2[[#This Row],[State]],'[1]State Regions'!$A:$A,'[1]State Regions'!$B:$B) -> South | BF40: Arkansas | BG40: 10 | BH40: 3114791 | BI40: =(Table24[[#This Row],[Dedicated Burn Beds]]/Table24[[#This Row],[Total population]])*100000 -> 0.32104883 | BJ40: =_xlfn.XLOOKUP(Table24[[#This Row],[State]],'[1]State Regions'!$A:$A,'[1]State Regions'!$B:$B) -> South | BN40: Idaho | BO40: 15 | BP40: 2029733
A41: Nebraska | D41: Vermont | E41: 9 | F41: Vermont | G41: 9 | H41: =_xlfn.XLOOKUP(D41,'State Population (2026)'!B:B,'State Population (2026)'!C:C,0) -> 644663 | R41: Vermont | S41: 9 | V41: Vermont | W41: 9 | X41: 644663 | Y41: =(Table2[[#This Row],[Dedicated Burn Beds]]/Table2[[#This Row],[Total population]])*100000 -> 1.3960783 | Z41: =_xlfn.XLOOKUP(Table2[[#This Row],[State]],'[1]State Regions'!$A:$A,'[1]State Regions'!$B:$B) -> Northeast | BF41: Vermont | BG41: 9 | BH41: 644663 | BI41: =(Table24[[#This Row],[Dedicated Burn Beds]]/Table24[[#This Row],[Total population]])*100000 -> 1.3960783 | BJ41: =_xlfn.XLOOKUP(Table24[[#This Row],[State]],'[1]State Regions'!$A:$A,'[1]State Regions'!$B:$B) -> Northeast | BN41: Nebraska | BO41: 16 | BP41: 2018006
A42: Nevada | D42: Connecticut | E42: 9 | F42: Connecticut | G42: 9 | H42: =_xlfn.XLOOKUP(D42,'State Population (2026)'!B:B,'State Population (2026)'!C:C,0) -> 3688496 | R42: Connecticut | S42: 9 | V42: Connecticut | W42: 9 | X42: 3688496 | Y42: =(Table2[[#This Row],[Dedicated Burn Beds]]/Table2[[#This Row],[Total population]])*100000 -> 0.24400189 | Z42: =_xlfn.XLOOKUP(Table2[[#This Row],[State]],'[1]State Regions'!$A:$A,'[1]State Regions'!$B:$B) -> Northeast | BF42: Connecticut | BG42: 9 | BH42: 3688496 | BI42: =(Table24[[#This Row],[Dedicated Burn Beds]]/Table24[[#This Row],[Total population]])*100000 -> 0.24400189 | BJ42: =_xlfn.XLOOKUP(Table24[[#This Row],[State]],'[1]State Regions'!$A:$A,'[1]State Regions'!$B:$B) -> Northeast | BN42: West Virginia | BO42: 4 | BP42: 1766147
A43: New Hampshire | D43: Hawaii | E43: 7 | F43: Hawaii | G43: 7 | H43: =_xlfn.XLOOKUP(D43,'State Population (2026)'!B:B,'State Population (2026)'!C:C,0) -> 1432820 | R43: Hawaii | S43: 7 | V43: Hawaii | W43: 7 | X43: 1432820 | Y43: =(Table2[[#This Row],[Dedicated Burn Beds]]/Table2[[#This Row],[Total population]])*100000 -> 0.48854706 | Z43: =_xlfn.XLOOKUP(Table2[[#This Row],[State]],'[1]State Regions'!$A:$A,'[1]State Regions'!$B:$B) -> West | BF43: Hawaii | BG43: 7 | BH43: 1432820 | BI43: =(Table24[[#This Row],[Dedicated Burn Beds]]/Table24[[#This Row],[Total population]])*100000 -> 0.48854706 | BJ43: =_xlfn.XLOOKUP(Table24[[#This Row],[State]],'[1]State Regions'!$A:$A,'[1]State Regions'!$B:$B) -> West | BN43: Hawaii | BO43: 7 | BP43: 1432820
A44: New Jersey | D44: Maine | E44: 6 | F44: Maine | G44: 6 | H44: =_xlfn.XLOOKUP(D44,'State Population (2026)'!B:B,'State Population (2026)'!C:C,0) -> 1414874 | R44: Maine | S44: 6 | V44: Maine | W44: 6 | X44: 1414874 | Y44: =(Table2[[#This Row],[Dedicated Burn Beds]]/Table2[[#This Row],[Total population]])*100000 -> 0.42406603 | Z44: =_xlfn.XLOOKUP(Table2[[#This Row],[State]],'[1]State Regions'!$A:$A,'[1]State Regions'!$B:$B) -> Northeast | BF44: Maine | BG44: 6 | BH44: 1414874 | BI44: =(Table24[[#This Row],[Dedicated Burn Beds]]/Table24[[#This Row],[Total population]])*100000 -> 0.42406603 | BJ44: =_xlfn.XLOOKUP(Table24[[#This Row],[State]],'[1]State Regions'!$A:$A,'[1]State Regions'!$B:$B) -> Northeast | BN44: New Hampshire | BO44: 0 | BP44: 1415342
A45: New Mexico | D45: West Virginia | E45: 4 | F45: West Virginia | G45: 4 | H45: =_xlfn.XLOOKUP(D45,'State Population (2026)'!B:B,'State Population (2026)'!C:C,0) -> 1766147 | R45: West Virginia | S45: 4 | V45: West Virginia | W45: 4 | X45: 1766147 | Y45: =(Table2[[#This Row],[Dedicated Burn Beds]]/Table2[[#This Row],[Total population]])*100000 -> 0.22648171 | Z45: =_xlfn.XLOOKUP(Table2[[#This Row],[State]],'[1]State Regions'!$A:$A,'[1]State Regions'!$B:$B) -> South | BF45: West Virginia | BG45: 4 | BH45: 1766147 | BI45: =(Table24[[#This Row],[Dedicated Burn Beds]]/Table24[[#This Row],[Total population]])*100000 -> 0.22648171 | BJ45: =_xlfn.XLOOKUP(Table24[[#This Row],[State]],'[1]State Regions'!$A:$A,'[1]State Regions'!$B:$B) -> South | BN45: Maine | BO45: 6 | BP45: 1414874
A46: New York | D46: Delaware | F46: Delaware | G46: 0 | H46: =_xlfn.XLOOKUP(D46,'State Population (2026)'!B:B,'State Population (2026)'!C:C,0) -> 1059952 | R46: Delaware | V46: Delaware | W46: 0 | X46: 1059952 | Y46: =(Table2[[#This Row],[Dedicated Burn Beds]]/Table2[[#This Row],[Total population]])*100000 -> 0 | Z46: =_xlfn.XLOOKUP(Table2[[#This Row],[State]],'[1]State Regions'!$A:$A,'[1]State Regions'!$B:$B) -> South | BF46: Delaware | BG46: 0 | BH46: 1059952 | BI46: =(Table24[[#This Row],[Dedicated Burn Beds]]/Table24[[#This Row],[Total population]])*100000 -> 0 | BJ46: =_xlfn.XLOOKUP(Table24[[#This Row],[State]],'[1]State Regions'!$A:$A,'[1]State Regions'!$B:$B) -> South | BN46: Montana | BO46: 0 | BP46: 1144694
A47: North Carolina | D47: North Dakota | F47: North Dakota | G47: 0 | H47: =_xlfn.XLOOKUP(D47,'State Population (2026)'!B:B,'State Population (2026)'!C:C,0) -> 799358 | R47: North Dakota | V47: North Dakota | W47: 0 | X47: 799358 | Y47: =(Table2[[#This Row],[Dedicated Burn Beds]]/Table2[[#This Row],[Total population]])*100000 -> 0 | Z47: =_xlfn.XLOOKUP(Table2[[#This Row],[State]],'[1]State Regions'!$A:$A,'[1]State Regions'!$B:$B) -> Midwest | BF47: North Dakota | BG47: 0 | BH47: 799358 | BI47: =(Table24[[#This Row],[Dedicated Burn Beds]]/Table24[[#This Row],[Total population]])*100000 -> 0 | BJ47: =_xlfn.XLOOKUP(Table24[[#This Row],[State]],'[1]State Regions'!$A:$A,'[1]State Regions'!$B:$B) -> Midwest | BN47: Rhode Island | BO47: 0 | BP47: 1114521
A48: North Dakota | D48: Rhode Island | F48: Rhode Island | G48: 0 | H48: =_xlfn.XLOOKUP(D48,'State Population (2026)'!B:B,'State Population (2026)'!C:C,0) -> 1114521 | R48: Rhode Island | V48: Rhode Island | W48: 0 | X48: 1114521 | Y48: =(Table2[[#This Row],[Dedicated Burn Beds]]/Table2[[#This Row],[Total population]])*100000 -> 0 | Z48: =_xlfn.XLOOKUP(Table2[[#This Row],[State]],'[1]State Regions'!$A:$A,'[1]State Regions'!$B:$B) -> Northeast | BF48: Rhode Island | BG48: 0 | BH48: 1114521 | BI48: =(Table24[[#This Row],[Dedicated Burn Beds]]/Table24[[#This Row],[Total population]])*100000 -> 0 | BJ48: =_xlfn.XLOOKUP(Table24[[#This Row],[State]],'[1]State Regions'!$A:$A,'[1]State Regions'!$B:$B) -> Northeast | BN48: Delaware | BO48: 0 | BP48: 1059952
A49: Ohio | D49: Mississippi | F49: Mississippi | G49: 0 | H49: =_xlfn.XLOOKUP(D49,'State Population (2026)'!B:B,'State Population (2026)'!C:C,0) -> 2954160 | R49: Mississippi | V49: Mississippi | W49: 0 | X49: 2954160 | Y49: =(Table2[[#This Row],[Dedicated Burn Beds]]/Table2[[#This Row],[Total population]])*100000 -> 0 | Z49: =_xlfn.XLOOKUP(Table2[[#This Row],[State]],'[1]State Regions'!$A:$A,'[1]State Regions'!$B:$B) -> South | BF49: Mississippi | BG49: 0 | BH49: 2954160 | BI49: =(Table24[[#This Row],[Dedicated Burn Beds]]/Table24[[#This Row],[Total population]])*100000 -> 0 | BJ49: =_xlfn.XLOOKUP(Table24[[#This Row],[State]],'[1]State Regions'!$A:$A,'[1]State Regions'!$B:$B) -> South | BN49: South Dakota | BO49: 0 | BP49: 935094
A50: Oklahoma | D50: Alaska | F50: Alaska | G50: 0 | H50: =_xlfn.XLOOKUP(D50,'State Population (2026)'!B:B,'State Population (2026)'!C:C,0) -> 737270 | R50: Alaska | V50: Alaska | W50: 0 | X50: 737270 | Y50: =(Table2[[#This Row],[Dedicated Burn Beds]]/Table2[[#This Row],[Total population]])*100000 -> 0 | Z50: =_xlfn.XLOOKUP(Table2[[#This Row],[State]],'[1]State Regions'!$A:$A,'[1]State Regions'!$B:$B) -> West | BF50: Alaska | BG50: 0 | BH50: 737270 | BI50: =(Table24[[#This Row],[Dedicated Burn Beds]]/Table24[[#This Row],[Total population]])*100000 -> 0 | BJ50: =_xlfn.XLOOKUP(Table24[[#This Row],[State]],'[1]State Regions'!$A:$A,'[1]State Regions'!$B:$B) -> West | BN50: North Dakota | BO50: 0 | BP50: 799358
A51: Oregon | D51: New Hampshire | F51: New Hampshire | G51: 0 | H51: =_xlfn.XLOOKUP(D51,'State Population (2026)'!B:B,'State Population (2026)'!C:C,0) -> 1415342 | R51: New Hampshire | V51: New Hampshire | W51: 0 | X51: 1415342 | Y51: =(Table2[[#This Row],[Dedicated Burn Beds]]/Table2[[#This Row],[Total population]])*100000 -> 0 | Z51: =_xlfn.XLOOKUP(Table2[[#This Row],[State]],'[1]State Regions'!$A:$A,'[1]State Regions'!$B:$B) -> Northeast | BF51: New Hampshire | BG51: 0 | BH51: 1415342 | BI51: =(Table24[[#This Row],[Dedicated Burn Beds]]/Table24[[#This Row],[Total population]])*100000 -> 0 | BJ51: =_xlfn.XLOOKUP(Table24[[#This Row],[State]],'[1]State Regions'!$A:$A,'[1]State Regions'!$B:$B) -> Northeast | BN51: Alaska | BO51: 0 | BP51: 737270
A52: Pennsylvania | D52: Montana | F52: Montana | G52: 0 | H52: =_xlfn.XLOOKUP(D52,'State Population (2026)'!B:B,'State Population (2026)'!C:C,0) -> 1144694 | R52: Montana | V52: Montana | W52: 0 | X52: 1144694 | Y52: =(Table2[[#This Row],[Dedicated Burn Beds]]/Table2[[#This Row],[Total population]])*100000 -> 0 | Z52: =_xlfn.XLOOKUP(Table2[[#This Row],[State]],'[1]State Regions'!$A:$A,'[1]State Regions'!$B:$B) -> West | BF52: Montana | BG52: 0 | BH52: 1144694 | BI52: =(Table24[[#This Row],[Dedicated Burn Beds]]/Table24[[#This Row],[Total population]])*100000 -> 0 | BJ52: =_xlfn.XLOOKUP(Table24[[#This Row],[State]],'[1]State Regions'!$A:$A,'[1]State Regions'!$B:$B) -> West | BN52: District of Columbia | BO52: 41 | BP52: 693645
A53: Rhode Island | D53: South Dakota | F53: South Dakota | G53: 0 | H53: =_xlfn.XLOOKUP(D53,'State Population (2026)'!B:B,'State Population (2026)'!C:C,0) -> 935094 | R53: South Dakota | V53: South Dakota | W53: 0 | X53: 935094 | Y53: =(Table2[[#This Row],[Dedicated Burn Beds]]/Table2[[#This Row],[Total population]])*100000 -> 0 | Z53: =_xlfn.XLOOKUP(Table2[[#This Row],[State]],'[1]State Regions'!$A:$A,'[1]State Regions'!$B:$B) -> Midwest | BF53: South Dakota | BG53: 0 | BH53: 935094 | BI53: =(Table24[[#This Row],[Dedicated Burn Beds]]/Table24[[#This Row],[Total population]])*100000 -> 0 | BJ53: =_xlfn.XLOOKUP(Table24[[#This Row],[State]],'[1]State Regions'!$A:$A,'[1]State Regions'!$B:$B) -> Midwest | BN53: Vermont | BO53: 9 | BP53: 644663
A54: South Carolina | D54: Grand Total | E54: 2080 | R54: Grand Total | S54: 2080 | BN54: Grand Total | BO54: 2080 | BP54: 341196104
A55: South Dakota
A56: Tennessee
A57: Texas
A58: Utah
A59: Vermont
A60: Virginia
A61: Washington
A62: West Virginia
A63: Wisconsin
A64: Minnesota
A65: Grand Total

Sheet Data Dictionary
A1: National Injury Resource Database (NIRD)
A3: Field Name | B3: Definition | C3: Value
A4: STATE_FULL | B4: Full spelling of the Hospital's state
A5: STATE | B5: 2 letter abbreviation of the Hospital's state
A6: COUNTY | B6: Hospital county
A7: ADDRESS | B7: Hospital street level address
A8: CITY | B8: Hospital city
A9: ZIP_CODE | B9: Hosptial 5-digit zip code
A10: AHA_ID | B10: Hospital American Hospital Association Identified
A11: HOSPITAL_NAME | B11: Hospital Name
A12: TOTAL_BEDS | B12: Total number of staffed beds - Reported from hospital websites, SDH documents, and/or AHA Guide Hospital Quick Search when available. If bed count was unreported across these sources, the hospital was contacted by an investigator.
A13: BURN_BEDS | B13: Number of beds dedicated to burn care - Reported from hospital websites, SDH burn center lists, 2012 ABA Burn Center Directory List, and/or by contacting burn center via phone.
A14: TRAUMA_ADULT | B14: 1 if either ADULT_TRAUMA_L1 or ADULT_TRAUMA_L2 are 1. ACS verified and/or state designated Adult Trauma Center, Level 1 or Level 2 – Reported from the ACS COT Hospitals and Facilities List, state department of health, and/or institution website. If adult capabilities were not reported online, the institution was contacted by an investigator. | C14: 1 or blank
A15: TRAUMA_PEDS | B15: 1 if PEDS_TRAUMA_L1 or PEDS_TRAUMA_L2 are 1. ACS verified and/or state designated Pediatric Trauma Center, Level 1 or Level 2 – Reported from the ACS COT Hospitals and Facilities List, state department of health, and/or institution website. If pediatric capabilities were not reported online, the institution was contacted by an investigator. | C15: 1 or blank
A16: BURN_ADULT | B16: 1 if ABA Verified, ABA non-verified, and/or state designated Adult Burn Center – Reported from the ABA Burn Center Directory, state department of health, and/or burn center website. | C16: 1 or blank
A17: BURN_PEDS | B17: 1 if ABA Verified, ABA non-verified, and/or state designated Adult Pediatric Burn Center – Reported from the ABA Burn Center Directory, state department of health, and/or burn center website. | C17: 1 or blank
A18: ACS_VERIFIED | B18: Trauma Centers - Verified by the ACS COT, Level 1 or Level 2. Note: These institutions can also be designated by SDH. | C18: Yes or No
A19: ADULT_TRAUMA_L1 | B19: Adult Level 1 Trauma Center Designated by American College of Surgeons and/or SDH. | C19: 1 or blank
A20: ADULT_TRAUMA_L2 | B20: Adult Level 2 Trauma Center Designated by American College of Surgeons and/or SDH | C20: 1 or blank
A21: PEDS_TRAUMA_L1 | B21: Pediatric Level 1 Trauma Center Designated by American College of Surgeons and/or SDH | C21: 1 or blank
A22: PEDS_TRAUMA_L2 | B22: Pediatric Level 2 Trauma Center Designated by American College of Surgeons and/or SDH | C22: 1 or blank
A23: ABA_VERIFIED | B23: Burn Centers - Verified by the ABA. Note: These institutions can also be designated or recognized by the state. | C23: Yes or No or blank
A24: TC_STATE_DESIGNATED | B24: TC Designated by the SDH, Level 1 or Level 2. Note: These institutions may also be verified by the ACS COT. | C24: Yes or No or blank
A25: BC_STATE_DESIGNATED | B25: BC Designated or Recognized by the SDH. Note: These institutions may also be recognized by the ABA. | C25: Yes or No or blank
A26: PHONE | B26: Main hospital phone number reported from hospital websites
A28: *Note: Each institution is either ABA/ACS Verified, State Designated, or Both
A29: *Note: If a TC was only designated by the state, TC level was reported from the SDH. In cases where TC were ACS COT V AND State D and TC Level varied between the two, ACS level was reported and a note was made under the institution.
A31: SDH = State Department of Health
A32: TC = Trauma Center

Sheet Data Table NIRD 20230130_copy
A1: STATE_FULL | B1: STATE | C1: COUNTY | D1: ADDRESS | E1: CITY | F1: ZIP_CODE | G1: AHA_ID(American Hospital Association Identifier) | H1: HOSPITAL_NAME | I1: TOTAL_BEDS(Total staffed hospital beds) | J1: BURN_BEDS(beds dedicated to burn care) | K1: TRAUMA_ADULT | L1: TRAUMA_PEDS | M1: BURN_ADULT | N1: BURN_PEDS | O1: ACS_VERIFIED | P1: ADULT_TRAUMA_L1 | Q1: ADULT_TRAUMA_L2 | R1: PEDS_TRAUMA_L1 | S1: PEDS_TRAUMA_L2 | T1: ABA_VERIFIED | U1: TC_STATE_DESIGNATED | V1: BC_STATE_DESIGNATED | W1: PHONE | X1: region
A2: Alaska | B2: AK | C2: Anchorage | D2: 4315 Diplomacy Dr | E2: Anchorage | F2: 99508 | G2: 6940010 | H2: Alaska Native Medical Center | I2: 173 | K2: 1 | L2: 1 | O2: Yes | Q2: 1 | S2: 1 | T2: No data | U2: Yes | W2: (907) 563-2662 | X2: =_xlfn.XLOOKUP(Burndata[[#This Row],[STATE_FULL]],'[1]State Regions'!$A:$A,'[1]State Regions'!$B:$B) -> West
A3: Alaska | B3: AK | C3: Anchorage | D3: 3200 Providence Dr | E3: Anchorage | F3: 99508 | G3: 6940020 | H3: Providence Alaska Medical Center/Children's Hospital at Providence | I3: 401 | K3: 1 | L3: 1 | O3: Yes | Q3: 1 | S3: 1 | T3: No data | U3: Yes | W3: (907) 562-2211 | X3: =_xlfn.XLOOKUP(Burndata[[#This Row],[STATE_FULL]],'[1]State Regions'!$A:$A,'[1]State Regions'!$B:$B) -> West
A4: Alabama | B4: AL | C4: Houston | D4: 1108 Ross Clark Cir | E4: Dothan | F4: 36301 | G4: 6530373 | H4: Southeast Alabama Medical Center | I4: 387 | K4: 1 | O4: No | Q4: 1 | T4: No data | U4: Yes | W4: (334) 793-8111 | X4: =_xlfn.XLOOKUP(Burndata[[#This Row],[STATE_FULL]],'[1]State Regions'!$A:$A,'[1]State Regions'!$B:$B) -> South
A5: Alabama | B5: AL | C5: Jefferson | D5: 619 19th St S | E5: Birmingham | F5: 35233 | G5: 6530304 | H5: University of Alabama at Birmingham Hospital (UAB Burn Center) | I5: 1157 | J5: 28 | K5: 1 | M5: 1 | O5: Yes | P5: 1 | T5: No | U5: Yes | V5: No | W5: (205) 934-3411 | X5: =_xlfn.XLOOKUP(Burndata[[#This Row],[STATE_FULL]],'[1]State Regions'!$A:$A,'[1]State Regions'!$B:$B) -> South
A6: Alabama | B6: AL | C6: Jefferson | D6: 1600 7th Ave South | E6: Birmingham | F6: 35233 | G6: 6530170 | H6: Children's of Alabama (Children's of Alabama Burn Center) | I6: 351 | J6: 6 | L6: 1 | N6: 1 | O6: No | R6: 1 | T6: No | U6: Yes | V6: No | W6: (205) 638-9100 | X6: =_xlfn.XLOOKUP(Burndata[[#This Row],[STATE_FULL]],'[1]State Regions'!$A:$A,'[1]State Regions'!$B:$B) -> South
A7: Alabama | B7: AL | C7: Madison | D7: 101 Sivley Rd | E7: Huntsville | F7: 35801 | G7: 6530510 | H7: Huntsville Hospital | I7: 958 | K7: 1 | O7: No | P7: 1 | T7: No data | U7: Yes | W7: (256) 265-1000 | X7: =_xlfn.XLOOKUP(Burndata[[#This Row],[STATE_FULL]],'[1]State Regions'!$A:$A,'[1]State Regions'!$B:$B) -> South
A8: Alabama | B8: AL | C8: Mobile | D8: 2451 University Hospital Dr | E8: Mobile | F8: 36617 | G8: 6530600 | H8: USA Health University Hospital (Arnold Luterman Regional Burn Center) | I8: 214 | J8: 18 | K8: 1 | M8: 1 | O8: No | P8: 1 | T8: No | U8: Yes | V8: No | W8: (251) 471-7000 | X8: =_xlfn.XLOOKUP(Burndata[[#This Row],[STATE_FULL]],'[1]State Regions'!$A:$A,'[1]State Regions'!$B:$B) -> South
A9: Alabama | B9: AL | C9: Montgomery | D9: 2105 E South Blvd | E9: Montgomery | F9: 36116 | G9: 6530705 | H9: Baptist Medical Center South | I9: 492 | K9: 1 | O9: No | Q9: 1 | T9: No data | U9: Yes | W9: (334) 288-2100 | X9: =_xlfn.XLOOKUP(Burndata[[#This Row],[STATE_FULL]],'[1]State Regions'!$A:$A,'[1]State Regions'!$B:$B) -> South
A10: Arizona | B10: AZ | C10: Coconino | D10: 1200 N Beaver St | E10: Flagstaff | F10: 86001 | G10: 6860021 | H10: Flagstaff Medical Center | I10: 268 | K10: 1 | O10: Yes | Q10: 1 | T10: No data | U10: Yes | W10: (928) 779-3366 | X10: =_xlfn.XLOOKUP(Burndata[[#This Row],[STATE_FULL]],'[1]State Regions'!$A:$A,'[1]State Regions'!$B:$B) -> West
A11: Arizona | B11: AZ | C11: Maricopa | D11: 1955 W Frye Rd | E11: Chandler | F11: 85224 | G11: 6860028 | H11: Chandler Regional Medical Center | I11: 338 | K11: 1 | O11: Yes | P11: 1 | T11: No data | U11: Yes | W11: (480) 728-3000 | X11: =_xlfn.XLOOKUP(Burndata[[#This Row],[STATE_FULL]],'[1]State Regions'!$A:$A,'[1]State Regions'!$B:$B) -> West
A12: Arizona | B12: AZ | C12: Maricopa | D12: 5555 W Thunderbird Rd | E12: Glendale | F12: 85306 | G12: 6860013 | H12: Banner Thunderbird Medical Center | I12: 595 | K12: 1 | O12: Yes | Q12: 1 | T12: No data | U12: Yes | W12: (602) 865-5555 | X12: =_xlfn.XLOOKUP(Burndata[[#This Row],[STATE_FULL]],'[1]State Regions'!$A:$A,'[1]State Regions'!$B:$B) -> West
A13: Arizona | B13: AZ | C13: Maricopa | D13: 13677 W McDowell Rd | E13: Goodyear | F13: 85395 | G13: 6860027 | H13: Abrazo West Campus | I13: 188 | K13: 1 | O13: Yes | Q13: 1 | T13: No data | U13: Yes | W13: (623) 882-1500 | X13: =_xlfn.XLOOKUP(Burndata[[#This Row],[STATE_FULL]],'[1]State Regions'!$A:$A,'[1]State Regions'!$B:$B) -> West
A14: Arizona | B14: AZ | C14: Maricopa | D14: 1400 S Dobson Rd | E14: Mesa | F14: 85202 | G14: 6860016 | H14: Banner Desert Medical Center/Banner Children's at Desert | I14: 605 | K14: 1 | L14: 1 | O14: Yes | Q14: 1 | S14: 1 | T14: No data | U14: Yes | W14: (480) 412-3000 | X14: =_xlfn.XLOOKUP(Burndata[[#This Row],[STATE_FULL]],'[1]State Regions'!$A:$A,'[1]State Regions'!$B:$B) -> West
A15: Arizona | B15: AZ | C15: Maricopa | D15: 1111 E McDowell Rd | E15: Phoenix | F15: 85006 | G15: 6860250 | H15: Banner University Medical Center - Phoenix | I15: 698 | K15: 1 | O15: Yes | P15: 1 | T15: No data | U15: Yes | W15: (602) 239-2000 | X15: =_xlfn.XLOOKUP(Burndata[[#This Row],[STATE_FULL]],'[1]State Regions'!$A:$A,'[1]State Regions'!$B:$B) -> West
A16: Arizona | B16: AZ | C16: Maricopa | D16: 350 W Thomas Rd | E16: Phoenix | F16: 85013 | G16: 6860280 | H16: St. Joseph's Hospital and Medical Center | I16: 594 | K16: 1 | O16: Yes | P16: 1 | T16: No data | U16: Yes | W16: (602) 406-3000 | X16: =_xlfn.XLOOKUP(Burndata[[#This Row],[STATE_FULL]],'[1]State Regions'!$A:$A,'[1]State Regions'!$B:$B) -> West
A17: Arizona | B17: AZ | C17: Maricopa | D17: 19829 North 27th Ave | E17: Phoenix | F17: 85027 | G17: 6860325 | H17: HonorHealth Deer Valley Medical Center | I17: 204 | K17: 1 | O17: Yes | Q17: 1 | T17: No data | U17: Yes | W17: (623) 879-6100 | X17: =_xlfn.XLOOKUP(Burndata[[#This Row],[STATE_FULL]],'[1]State Regions'!$A:$A,'[1]State Regions'!$B:$B) -> West
A18: Arizona | B18: AZ | C18: Maricopa | D18: 250 E Dunlap Ave | E18: Phoenix | F18: 85020 | G18: 6860253 | H18: HonorHealth John C. Lincoln Medical Center | I18: 262 | K18: 1 | O18: Yes | P18: 1 | T18: No data | U18: Yes | W18: (602) 943-2381 | X18: =_xlfn.XLOOKUP(Burndata[[#This Row],[STATE_FULL]],'[1]State Regions'!$A:$A,'[1]State Regions'!$B:$B) -> West
A19: Arizona | B19: AZ | C19: Maricopa | D19: 1919 E Thomas Rd | E19: Phoenix | F19: 85016 | G19: 6860210 | H19: Phoenix Children's Hospital | I19: 403 | L19: 1 | O19: Yes | R19: 1 | T19: No data | U19: Yes | W19: (602) 933-1000 | X19: =_xlfn.XLOOKUP(Burndata[[#This Row],[STATE_FULL]],'[1]State Regions'!$A:$A,'[1]State Regions'!$B:$B) -> West
A20: Arizona | B20: AZ | C20: Maricopa | D20: 2601 E Roosevelt St | E20: Phoenix | F20: 85008 | G20: 6860255 | H20: Valleywise Health (Arizona Burn Center) | I20: 544 | J20: 45 | K20: 1 | M20: 1 | N20: 1 | O20: Yes | P20: 1 | T20: Yes | U20: Yes | V20: No | W20: (602) 344-5011 | X20: =_xlfn.XLOOKUP(Burndata[[#This Row],[STATE_FULL]],'[1]State Regions'!$A:$A,'[1]State Regions'!$B:$B) -> West
A21: Arizona | B21: AZ | C21: Maricopa | D21: 7400 E Osborn Rd | E21: Scottsdale | F21: 85251 | G21: 6860376 | H21: HonorHealth Scottsdale Osborn Medical Center | I21: 341 | K21: 1 | O21: Yes | P21: 1 | T21: No data | U21: Yes | W21: (480) 882-4000 | X21: =_xlfn.XLOOKUP(Burndata[[#This Row],[STATE_FULL]],'[1]State Regions'!$A:$A,'[1]State Regions'!$B:$B) -> West
A22: Arizona | B22: AZ | C22: Pima | D22: 1501 N Campbell Ave | E22: Tucson | F22: 85719 | G22: 6860516 | H22: Banner University Medical Center - Tucson (Burn Unit at Banner) | I22: 584 | J22: 35 | K22: 1 | L22: 1 | M22: 1 | N22: 1 | O22: Yes | P22: 1 | S22: 1 | T22: No | U22: Yes | V22: No | W22: (520) 694-0111 | X22: =_xlfn.XLOOKUP(Burndata[[#This Row],[STATE_FULL]],'[1]State Regions'!$A:$A,'[1]State Regions'!$B:$B) -> West
A23: Arizona | B23: AZ | C23: Pima | D23: 350 N Wilmot Rd | E23: Tucson | F23: 85718 | G23: 6860460 | H23: Carondelet St. Joseph's Hospital | I23: 486 | K23: 1 | O23: No | P23: 1 | T23: No data | U23: Yes | W23: (520) 873-3000 | X23: =_xlfn.XLOOKUP(Burndata[[#This Row],[STATE_FULL]],'[1]State Regions'!$A:$A,'[1]State Regions'!$B:$B) -> West
A24: Arkansas | B24: AR | C24: Garland | D24: 300 Werner St | E24: Hot Springs | F24: 71913 | G24: 6710300 | H24: CHI St. Vincent Hospital Hot Springs | I24: 254 | K24: 1 | O24: No | Q24: 1 | T24: No data | U24: Yes | W24: (501) 622-1000 | X24: =_xlfn.XLOOKUP(Burndata[[#This Row],[STATE_FULL]],'[1]State Regions'!$A:$A,'[1]State Regions'!$B:$B) -> South
A25: Arkansas | B25: AR | C25: Pulaski | D25: 1 Children's Way | E25: Little Rock | F25: 72202 | G25: 6710340 | H25: Arkansas Children's Hospital (Arkansas Children's Hospital Burn Center) | I25: 336 | J25: 10 | L25: 1 | M25: 1 | N25: 1 | O25: Yes | R25: 1 | T25: No | U25: Yes | V25: No | W25: (501) 364-1323 | X25: =_xlfn.XLOOKUP(Burndata[[#This Row],[STATE_FULL]],'[1]State Regions'!$A:$A,'[1]State Regions'!$B:$B) -> South
A26: Arkansas | B26: AR | C26: Pulaski | D26: 4301 W Markham St | E26: Little Rock | F26: 72205 | G26: 6710440 | H26: UAMS Medical Center | I26: 522 | K26: 1 | O26: Yes | P26: 1 | T26: No data | U26: Yes | W26: (501) 686-7000 | X26: =_xlfn.XLOOKUP(Burndata[[#This Row],[STATE_FULL]],'[1]State Regions'!$A:$A,'[1]State Regions'!$B:$B) -> South
A27: Arkansas | B27: AR | C27: Pulaski | D27: 9601 Baptist Health Dr | E27: Little Rock | F27: 72205 | G27: 6710335 | H27: Baptist Health Medical Center | I27: 740 | K27: 1 | O27: No | Q27: 1 | T27: No data | U27: Yes | W27: (501) 202-2000 | X27: =_xlfn.XLOOKUP(Burndata[[#This Row],[STATE_FULL]],'[1]State Regions'!$A:$A,'[1]State Regions'!$B:$B) -> South
A28: Arkansas | B28: AR | C28: Pulaski | D28: 2 St Vincent Circle | E28: Little Rock | F28: 72205 | G28: 6710400 | H28: CHI St. Vincent Infirmary | I28: 600 | K28: 1 | O28: No | Q28: 1 | T28: No data | U28: Yes | W28: (501) 552-3000 | X28: =_xlfn.XLOOKUP(Burndata[[#This Row],[STATE_FULL]],'[1]State Regions'!$A:$A,'[1]State Regions'!$B:$B) -> South
A29: Arkansas | B29: AR | C29: Washington | D29: 3215 N Northhills Blvd | E29: Fayetteville | F29: 72703 | G29: 6710195 | H29: Washington Regional Medical Center | I29: 342 | K29: 1 | O29: No | Q29: 1 | T29: No data | U29: Yes | W29: (479) 463-1000 | X29: =_xlfn.XLOOKUP(Burndata[[#This Row],[STATE_FULL]],'[1]State Regions'!$A:$A,'[1]State Regions'!$B:$B) -> South
A30: California | B30: CA | C30: Alameda | D30: 1411 East 31st St | E30: Oakland | F30: 94602 | G30: 6930275 | H30: Highland Hospital | I30: 438 | K30: 1 | O30: Yes | P30: 1 | T30: No data | U30: Yes | W30: (510) 437-4800 | X30: =_xlfn.XLOOKUP(Burndata[[#This Row],[STATE_FULL]],'[1]State Regions'!$A:$A,'[1]State Regions'!$B:$B) -> West
A31: California | B31: CA | C31: Alameda | D31: 20103 Lake Chabot Rd | E31: Castro Valley | F31: 94546 | G31: 6930133 | H31: Sutter Health Eden Medical Center | I31: 122 | K31: 1 | O31: Yes | Q31: 1 | T31: No data | U31: Yes | W31: (510) 537-1234 | X31: =_xlfn.XLOOKUP(Burndata[[#This Row],[STATE_FULL]],'[1]State Regions'!$A:$A,'[1]State Regions'!$B:$B) -> West
A32: California | B32: CA | C32: Alameda | D32: 747 52nd St | E32: Oakland | F32: 94609 | G32: 6932180 | H32: UCSF Benioff Children's Hospital Oakland | I32: 191 | L32: 1 | O32: Yes | R32: 1 | T32: No data | U32: Yes | W32: (510) 428-3000 | X32: =_xlfn.XLOOKUP(Burndata[[#This Row],[STATE_FULL]],'[1]State Regions'!$A:$A,'[1]State Regions'!$B:$B) -> West
A33: California | B33: CA | C33: Butte | D33: 1531 Esplanade | E33: Chico | F33: 95926 | G33: 6930096 | H33: Enloe Medical Center | I33: 229 | K33: 1 | O33: Yes | Q33: 1 | T33: No data | U33: Yes | W33: (530) 332-7300 | X33: =_xlfn.XLOOKUP(Burndata[[#This Row],[STATE_FULL]],'[1]State Regions'!$A:$A,'[1]State Regions'!$B:$B) -> West
A34: California | B34: CA | C34: Contra Costa | D34: 1601 Ygnacio Valley Rd | E34: Walnut Creek | F34: 94598 | G34: 6933853 | H34: John Muir Medical Center, Walnut Creek | I34: 420 | K34: 1 | O34: Yes | Q34: 1 | T34: No data | U34: Yes | W34: (925) 939-3000 | X34: =_xlfn.XLOOKUP(Burndata[[#This Row],[STATE_FULL]],'[1]State Regions'!$A:$A,'[1]State Regions'!$B:$B) -> West
A35: California | B35: CA | C35: Fresno | D35: 2823 Fresno St | E35: Fresno | F35: 93721 | G35: 6930790 | H35: Community Regional Medical Center (Leon S. Peters Burn Center) | I35: 852 | J35: 10 | K35: 1 | M35: 1 | N35: 1 | O35: Yes | P35: 1 | T35: Yes | U35: Yes | V35: Yes | W35: (559) 459-6000 | X35: =_xlfn.XLOOKUP(Burndata[[#This Row],[STATE_FULL]],'[1]State Regions'!$A:$A,'[1]State Regions'!$B:$B) -> West
A36: California | B36: CA | C36: Kern | D36: 420 34th St | E36: Bakersfield | F36: 93301 | G36: 6930079 | H36: The Grossman Burn Center at Bakersfield Memorial Hospital | I36: 372 | J36: 7 | M36: 1 | N36: 1 | T36: Yes | V36: Yes | W36: (661) 323-2876 | X36: =_xlfn.XLOOKUP(Burndata[[#This Row],[STATE_FULL]],'[1]State Regions'!$A:$A,'[1]State Regions'!$B:$B) -> West
A37: California | B37: CA | C37: Los Angeles | D37: 1600 West Avenue J | E37: Lancaster | F37: 93534 | G37: 6931178 | H37: Antelope Valley Hospital | I37: 368 | K37: 1 | O37: Yes | Q37: 1 | T37: No data | U37: Yes | W37: (661) 949-5000 | X37: =_xlfn.XLOOKUP(Burndata[[#This Row],[STATE_FULL]],'[1]State Regions'!$A:$A,'[1]State Regions'!$B:$B) -> West
A38: California | B38: CA | C38: Los Angeles | D38: 8700 Beverly Blvd | E38: West Hollywood | F38: 90048 | G38: 6930444 | H38: Cedar-Sinai Medical Center | I38: 889 | K38: 1 | O38: Yes | P38: 1 | T38: No data | U38: Yes | W38: (310) 423-5000 | X38: =_xlfn.XLOOKUP(Burndata[[#This Row],[STATE_FULL]],'[1]State Regions'!$A:$A,'[1]State Regions'!$B:$B) -> West
A39: California | B39: CA | C39: Los Angeles | D39: 4650 Sunset Blvd | E39: Los Angeles | F39: 90027 | G39: 6931470 | H39: Children's Hospital Los Angeles | I39: 379 | L39: 1 | O39: Yes | R39: 1 | T39: No data | U39: Yes | W39: (323) 660-2450 | X39: =_xlfn.XLOOKUP(Burndata[[#This Row],[STATE_FULL]],'[1]State Regions'!$A:$A,'[1]State Regions'!$B:$B) -> West
A40: California | B40: CA | C40: Los Angeles | D40: 1798 North Garey Ave | E40: Pomona | F40: 91767 | G40: 6932450 | H40: Pomona Valley Hospital Medical Center | I40: 412 | K40: 1 | O40: Yes | Q40: 1 | T40: No data | U40: Yes | W40: (909) 865-9500 | X40: =_xlfn.XLOOKUP(Burndata[[#This Row],[STATE_FULL]],'[1]State Regions'!$A:$A,'[1]State Regions'!$B:$B) -> West
A41: California | B41: CA | C41: Los Angeles | D41: 3630 East Imperial Hwy | E41: Lynwood | F41: 90262 | G41: 6931790 | H41: St. Francis Medical Center Lynwood | I41: 323 | K41: 1 | O41: Yes | Q41: 1 | T41: No data | U41: Yes | W41: (310) 900-8900 | X41: =_xlfn.XLOOKUP(Burndata[[#This Row],[STATE_FULL]],'[1]State Regions'!$A:$A,'[1]State Regions'!$B:$B) -> West
A42: California | B42: CA | C42: Los Angeles | D42: 15031 Rinaldi St | E42: Mission Hills | F42: 91345 | G42: 6932860 | H42: Providence Holy Cross Medical Center | I42: 377 | K42: 1 | O42: Yes | Q42: 1 | T42: No data | U42: Yes | W42: (818) 365-8051 | X42: =_xlfn.XLOOKUP(Burndata[[#This Row],[STATE_FULL]],'[1]State Regions'!$A:$A,'[1]State Regions'!$B:$B) -> West
A43: California | B43: CA | C43: Los Angeles | D43: 757 Westwood Plaza | E43: Los Angeles | F43: 90095 | G43: 6931755 | H43: Ronald Reagan UCLA Medical Center | I43: 445 | K43: 1 | O43: Yes | P43: 1 | T43: No data | U43: Yes | W43: (310) 825-9111 | X43: =_xlfn.XLOOKUP(Burndata[[#This Row],[STATE_FULL]],'[1]State Regions'!$A:$A,'[1]State Regions'!$B:$B) -> West
A44: California | B44: CA | C44: Los Angeles | D44: 7300 Medical Center Dr | E44: West Hills | F44: 91307 | G44: 6930379 | H44: The Grossman Burn Center at West Hills Hospital & Medical Center | I44: 225 | J44: 8 | M44: 1 | T44: Yes | V44: Yes | W44: (818) 676-4177 | X44: =_xlfn.XLOOKUP(Burndata[[#This Row],[STATE_FULL]],'[1]State Regions'!$A:$A,'[1]State Regions'!$B:$B) -> West
A45: California | B45: CA | C45: Los Angeles | D45: 3330 Lomita Blvd | E45: Torrance | F45: 90505 | G45: 6933679 | H45: Torrance Memorial Burn Center | I45: 436 | J45: 12 | M45: 1 | N45: 1 | T45: Yes | V45: Yes | W45: (310) 517-4622 | X45: =_xlfn.XLOOKUP(Burndata[[#This Row],[STATE_FULL]],'[1]State Regions'!$A:$A,'[1]State Regions'!$B:$B) -> West
A46: California | B46: CA | C46: Los Angeles | D46: 1401 S Grand Ave | E46: Los Angeles | F46: 90015 | G46: 6931440 | H46: California Hospital Medical Center | I46: 318 | K46: 1 | O46: Yes | Q46: 1 | T46: No data | U46: Yes | W46: (213) 748-2411 | X46: =_xlfn.XLOOKUP(Burndata[[#This Row],[STATE_FULL]],'[1]State Regions'!$A:$A,'[1]State Regions'!$B:$B) -> West
A47: California | B47: CA | C47: Los Angeles | D47: 18300 Roscoe Blvd | E47: Northridge | F47: 91335 | G47: 6932118 | H47: Northridge Hospital Medical Center | I47: 394 | K47: 1 | O47: Yes | Q47: 1 | T47: No data | U47: Yes | W47: (818) 885-8500 | X47: =_xlfn.XLOOKUP(Burndata[[#This Row],[STATE_FULL]],'[1]State Regions'!$A:$A,'[1]State Regions'!$B:$B) -> West
A48: California | B48: CA | C48: Los Angeles | D48: 1000 W Carson St | E48: Torrance | F48: 90502 | G48: 6933683 | H48: Harbor-UCLA Medical Center | I48: 453 | K48: 1 | O48: Yes | P48: 1 | T48: No data | U48: Yes | W48: (310)222-2345 | X48: =_xlfn.XLOOKUP(Burndata[[#This Row],[STATE_FULL]],'[1]State Regions'!$A:$A,'[1]State Regions'!$B:$B) -> West
A49: California | B49: CA | C49: Los Angeles | D49: 23845 McBean Pkwy | E49: Valencia | F49: 91355 | G49: 6933488 | H49: Henry Mayo Newhall Hospital | I49: 238 | K49: 1 | O49: Yes | Q49: 1 | T49: No data | U49: Yes | W49: (661) 200-2000 | X49: =_xlfn.XLOOKUP(Burndata[[#This Row],[STATE_FULL]],'[1]State Regions'!$A:$A,'[1]State Regions'!$B:$B) -> West
A50: California | B50: CA | C50: Los Angeles | D50: 100 W California Blvd | E50: Pasadena | F50: 91105 | G50: 6932350 | H50: Huntington Hospital | I50: 619 | K50: 1 | O50: Yes | Q50: 1 | T50: No data | U50: Yes | W50: (626) 397-5000 | X50: =_xlfn.XLOOKUP(Burndata[[#This Row],[STATE_FULL]],'[1]State Regions'!$A:$A,'[1]State Regions'!$B:$B) -> West
A51: California | B51: CA | C51: Los Angeles | D51: 1200 N State St | E51: Los Angeles | F51: 90033 | G51: 6931580 | H51: LAC + USC Medical Center (LAC + USC Regional Burn Center) | I51: 538 | J51: 20 | K51: 1 | M51: 1 | N51: 1 | O51: Yes | P51: 1 | T51: Yes | U51: Yes | V51: Yes | W51: (323) 409-1000 | X51: =_xlfn.XLOOKUP(Burndata[[#This Row],[STATE_FULL]],'[1]State Regions'!$A:$A,'[1]State Regions'!$B:$B) -> West
A52: California | B52: CA | C52: Los Angeles | D52: 2801 Atlantic Ave | E52: Long Beach | F52: 90806 | G52: 6931370 | H52: Long Beach Medical Center | I52: 412 | K52: 1 | O52: Yes | Q52: 1 | T52: No data | U52: Yes | W52: (562) 933-2000 | X52: =_xlfn.XLOOKUP(Burndata[[#This Row],[STATE_FULL]],'[1]State Regions'!$A:$A,'[1]State Regions'!$B:$B) -> West
A53: California | B53: CA | C53: Los Angeles | D53: 1050 Linden Ave | E53: Long Beach | F53: 90813 | G53: 6931360 | H53: St. Mary Medical Center Long Beach | I53: 307 | K53: 1 | O53: Yes | Q53: 1 | T53: No data | U53: Yes | W53: (562) 491-9000 | X53: =_xlfn.XLOOKUP(Burndata[[#This Row],[STATE_FULL]],'[1]State Regions'!$A:$A,'[1]State Regions'!$B:$B) -> West
A54: California | B54: CA | C54: Madera | D54: 9300 Valley Children's Place | E54: Madera | F54: 93636 | G54: 6930814 | H54: Valley Children's Healthcare | I54: 208 | L54: 1 | O54: Yes | S54: 1 | T54: No data | U54: Yes | W54: (559) 353-3000 | X54: =_xlfn.XLOOKUP(Burndata[[#This Row],[STATE_FULL]],'[1]State Regions'!$A:$A,'[1]State Regions'!$B:$B) -> West
A55: California | B55: CA | C55: Monterey | D55: 1441 Constitution Blvd | E55: Salinas | F55: 93906 | G55: 6932720 | H55: Natividad Medical Center | I55: 161 | K55: 1 | O55: Yes | Q55: 1 | T55: No data | U55: Yes | W55: (831) 647-7611 | X55: =_xlfn.XLOOKUP(Burndata[[#This Row],[STATE_FULL]],'[1]State Regions'!$A:$A,'[1]State Regions'!$B:$B) -> West
A56: California | B56: CA | C56: Orange | D56: 27700 Medical Center Rd | E56: Mission Viejo | F56: 92691 | G56: 6931915 | H56: Providence Mission Hospital | I56: 275 | K56: 1 | L56: 1 | O56: Yes | Q56: 1 | S56: 1 | T56: No data | U56: Yes | W56: (949) 364-1400 | X56: =_xlfn.XLOOKUP(Burndata[[#This Row],[STATE_FULL]],'[1]State Regions'!$A:$A,'[1]State Regions'!$B:$B) -> West
A57: California | B57: CA | C57: Orange | D57: 101 The City Dr South | E57: Orange | F57: 92868 | G57: 6932290 | H57: UC Irvine Health (UCI Regional Burn Center) | I57: 418 | J57: 8 | K57: 1 | L57: 1 | M57: 1 | N57: 1 | O57: Yes | P57: 1 | S57: 1 | T57: Yes | U57: Yes | V57: Yes | W57: (714) 456-6011 | X57: =_xlfn.XLOOKUP(Burndata[[#This Row],[STATE_FULL]],'[1]State Regions'!$A:$A,'[1]State Regions'!$B:$B) -> West
A58: California | B58: CA | C58: Orange | D58: 1201 West La Veta Ave | E58: Orange | F58: 92868 | G58: 6932287 | H58: Children's Hospital of Orange County | I58: 334 | L58: 1 | O58: Yes | S58: 1 | T58: No data | U58: Yes | W58: (714) 997-3000 | X58: =_xlfn.XLOOKUP(Burndata[[#This Row],[STATE_FULL]],'[1]State Regions'!$A:$A,'[1]State Regions'!$B:$B) -> West
A59: California | B59: CA | C59: Orange | D59: 1001 North Tustin Ave | E59: Santa Ana | F59: 92705 | G59: 6933377 | H59: Orange County Global Medical Center (Orange County Burn Center) | I59: 282 | J59: 7 | K59: 1 | M59: 1 | N59: 1 | O59: Yes | Q59: 1 | T59: No | U59: Yes | V59: Yes | W59: (714) 953-3500 | X59: =_xlfn.XLOOKUP(Burndata[[#This Row],[STATE_FULL]],'[1]State Regions'!$A:$A,'[1]State Regions'!$B:$B) -> West
A60: California | B60: CA | C60: Placer | D60: 1 Medical Plaza Dr | E60: Roseville | F60: 95661 | G60: 6932645 | H60: Sutter Roseville Medical Center | I60: 328 | K60: 1 | O60: Yes | Q60: 1 | T60: No data | U60: Yes | W60: (916) 781-1000 | X60: =_xlfn.XLOOKUP(Burndata[[#This Row],[STATE_FULL]],'[1]State Regions'!$A:$A,'[1]State Regions'!$B:$B) -> West
A61: California | B61: CA | C61: Riverside | D61: 1150 N Indian Canyon Dr | E61: Palm Springs | F61: 92262 | G61: 6932325 | H61: Desert Regional Medical Center | I61: 367 | K61: 1 | O61: Yes | Q61: 1 | T61: No data | U61: Yes | W61: (760) 323-6511 | X61: =_xlfn.XLOOKUP(Burndata[[#This Row],[STATE_FULL]],'[1]State Regions'!$A:$A,'[1]State Regions'!$B:$B) -> West
A62: California | B62: CA | C62: Riverside | D62: 4445 Magnolia Ave | E62: Riverside | F62: 92501 | G62: 6932585 | H62: HCA Riverside Community Hospital | I62: 373 | K62: 1 | O62: Yes | Q62: 1 | T62: No data | U62: Yes | W62: (951) 788-3000 | X62: =_xlfn.XLOOKUP(Burndata[[#This Row],[STATE_FULL]],'[1]State Regions'!$A:$A,'[1]State Regions'!$B:$B) -> West
A63: California | B63: CA | C63: Riverside | D63: 36485 Inland Valley Rd | E63: Wildomar | F63: 92595 | G63: 6930640 | H63: Inland Valley Medical Center | I63: 122 | K63: 1 | O63: Yes | Q63: 1 | T63: No data | U63: Yes | W63: (951) 677-1111 | X63: =_xlfn.XLOOKUP(Burndata[[#This Row],[STATE_FULL]],'[1]State Regions'!$A:$A,'[1]State Regions'!$B:$B) -> West
A64: California | B64: CA | C64: Riverside | D64: 26520 Cactus Avenue | E64: Moreno Valley | F64: 92555 | G64: 6930110 | H64: Riverside University Health System Medical Center | I64: 439 | K64: 1 | O64: Yes | P64: 1 | T64: No data | U64: Yes | W64: (951) 486-4000 | X64: =_xlfn.XLOOKUP(Burndata[[#This Row],[STATE_FULL]],'[1]State Regions'!$A:$A,'[1]State Regions'!$B:$B) -> West
A65: California | B65: CA | C65: Sacramento | D65: 6501 Coyle Ave | E65: Carmichael | F65: 95608 | G65: 6930037 | H65: Mercy San Juan Medical Center | I65: 370 | K65: 1 | O65: Yes | Q65: 1 | T65: No data | U65: Yes | W65: (916) 537-5000 | X65: =_xlfn.XLOOKUP(Burndata[[#This Row],[STATE_FULL]],'[1]State Regions'!$A:$A,'[1]State Regions'!$B:$B) -> West
A66: California | B66: CA | C66: Sacramento | D66: 6600 Bruceville Rd | E66: Sacramento | F66: 95823 | G66: 6932673 | H66: Kaiser Permanente South Sacramento Medical Center | I66: 241 | K66: 1 | O66: Yes | Q66: 1 | T66: No data | U66: Yes | W66: (916) 688-2430 | X66: =_xlfn.XLOOKUP(Burndata[[#This Row],[STATE_FULL]],'[1]State Regions'!$A:$A,'[1]State Regions'!$B:$B) -> West
A67: California | B67: CA | C67: Sacramento | D67: 2315 Stockton Blvd | E67: Sacramento | F67: 95817 | G67: 6932680 | H67: UC Davis Medical Center (UC Davis Regional Burn Center) | I67: 634 | J67: 12 | K67: 1 | L67: 1 | M67: 1 | O67: Yes | P67: 1 | R67: 1 | T67: Yes | U67: Yes | V67: Yes | W67: (916) 734-2011 | X67: =_xlfn.XLOOKUP(Burndata[[#This Row],[STATE_FULL]],'[1]State Regions'!$A:$A,'[1]State Regions'!$B:$B) -> West
A68: California | B68: CA | C68: Sacramento | D68: 2425 Stockton Blvd | E68: Sacramento | F68: 95817 | G68: 6933080 | H68: Shriners Burn Center at Shriners Hospitals for Children - Nothern California | I68: 80 | J68: 10 | N68: 1 | T68: Yes | V68: Yes | W68: (916) 453-2000 | X68: =_xlfn.XLOOKUP(Burndata[[#This Row],[STATE_FULL]],'[1]State Regions'!$A:$A,'[1]State Regions'!$B:$B) -> West
A69: California | B69: CA | C69: San Bernardino | D69: 400 N Pepper Ave | E69: Colton | F69: 92324 | G69: 6932770 | H69: Arrowhead Regional Medical Center (Edward G. Hirschman Burn Center) | I69: 456 | J69: 14 | K69: 1 | M69: 1 | N69: 1 | O69: Yes | Q69: 1 | T69: No | U69: Yes | V69: Yes | W69: (909) 580-1000 | X69: =_xlfn.XLOOKUP(Burndata[[#This Row],[STATE_FULL]],'[1]State Regions'!$A:$A,'[1]State Regions'!$B:$B) -> West
A70: California | B70: CA | C70: San Bernardino | D70: 11234 Anderson St | E70: Loma Linda | F70: 92354 | G70: 6930053 | H70: Loma Linda University Medical Center/Loma Linda University Children's Hospital | I70: 533 | K70: 1 | L70: 1 | O70: Yes | P70: 1 | R70: 1 | T70: No data | U70: Yes | W70: (909) 558-4000 | X70: =_xlfn.XLOOKUP(Burndata[[#This Row],[STATE_FULL]],'[1]State Regions'!$A:$A,'[1]State Regions'!$B:$B) -> West
A71: California | B71: CA | C71: San Diego | D71: 2185 West Citracado Pkwy | E71: Escondido | F71: 92029 | G71: 6930660 | H71: Palomar Medical Center Escondido | I71: 288 | K71: 1 | O71: Yes | Q71: 1 | T71: No data | U71: Yes | W71: (760) 739-3000 | X71: =_xlfn.XLOOKUP(Burndata[[#This Row],[STATE_FULL]],'[1]State Regions'!$A:$A,'[1]State Regions'!$B:$B) -> West
A72: California | B72: CA | C72: San Diego | D72: 3020 Children's Way | E72: San Diego | F72: 92123 | G72: 6932775 | H72: Rady Children's Hospital - San Diego | I72: 326 | L72: 1 | O72: Yes | R72: 1 | T72: No data | U72: Yes | W72: (858) 576-1700 | X72: =_xlfn.XLOOKUP(Burndata[[#This Row],[STATE_FULL]],'[1]State Regions'!$A:$A,'[1]State Regions'!$B:$B) -> West
A73: California | B73: CA | C73: San Diego | D73: 9888 Genessee Ave | E73: La Jolla | F73: 92037 | G73: 6931130 | H73: Scripps Memorial Hospital | I73: 426 | K73: 1 | O73: Yes | Q73: 1 | T73: No data | U73: Yes | W73: (858) 626-4123 | X73: =_xlfn.XLOOKUP(Burndata[[#This Row],[STATE_FULL]],'[1]State Regions'!$A:$A,'[1]State Regions'!$B:$B) -> West
A74: California | B74: CA | C74: San Diego | D74: 4077 5th Ave | E74: San Diego | F74: 92103 | G74: 6932810 | H74: Scripps Mercy Hospital | I74: 392 | K74: 1 | O74: Yes | P74: 1 | T74: No data | U74: Yes | W74: (619) 294-8111 | X74: =_xlfn.XLOOKUP(Burndata[[#This Row],[STATE_FULL]],'[1]State Regions'!$A:$A,'[1]State Regions'!$B:$B) -> West
A75: California | B75: CA | C75: San Diego | D75: 7901 Frost St | E75: San Diego | F75: 92123 | G75: 6932785 | H75: Sharp Memorial Hospital | I75: 459 | K75: 1 | O75: Yes | Q75: 1 | T75: No data | U75: Yes | W75: (858) 939-3400 | X75: =_xlfn.XLOOKUP(Burndata[[#This Row],[STATE_FULL]],'[1]State Regions'!$A:$A,'[1]State Regions'!$B:$B) -> West
A76: California | B76: CA | C76: San Diego | D76: 200 W Arbor Dr | E76: San Diego | F76: 92103 | G76: 6932820 | H76: UC San Diego Medical Center (UCSD Regional Burn Center) | I76: 723 | J76: 8 | K76: 1 | M76: 1 | N76: 1 | O76: Yes | P76: 1 | T76: Yes | U76: Yes | V76: Yes | W76: (619) 543-6222 | X76: =_xlfn.XLOOKUP(Burndata[[#This Row],[STATE_FULL]],'[1]State Regions'!$A:$A,'[1]State Regions'!$B:$B) -> West
A77: California | B77: CA | C77: San Francisco | D77: 1001 Potrero Ave | E77: San Francisco | F77: 94110 | G77: 6933060 | H77: Zuckerberg San Francisco General Hospital | I77: 297 | K77: 1 | O77: Yes | P77: 1 | T77: No data | U77: Yes | W77: (628) 206-8000 | X77: =_xlfn.XLOOKUP(Burndata[[#This Row],[STATE_FULL]],'[1]State Regions'!$A:$A,'[1]State Regions'!$B:$B) -> West
A78: California | B78: CA | C78: San Francisco | D78: 900 Hyde St | E78: San Francisco | F78: 94109 | G78: 6933020 | H78: Bothin Burn Center at St. Francis Memorial Hospital | I78: 239 | J78: 16 | M78: 1 | N78: 1 | T78: Yes | V78: Yes | W78: (415) 353-6000 | X78: =_xlfn.XLOOKUP(Burndata[[#This Row],[STATE_FULL]],'[1]State Regions'!$A:$A,'[1]State Regions'!$B:$B) -> West
A79: California | B79: CA | C79: San Joaquin | D79: 500 West Hospital Rd | E79: French Camp | F79: 95231 | G79: 6930780 | H79: San Joaquin General Hospital | I79: 110 | K79: 1 | O79: Yes | Q79: 1 | T79: No data | U79: Yes | W79: (209) 468-6000 | X79: =_xlfn.XLOOKUP(Burndata[[#This Row],[STATE_FULL]],'[1]State Regions'!$A:$A,'[1]State Regions'!$B:$B) -> West
A80: California | B80: CA | C80: Santa Clara | D80: 300 Pasteur Dr | E80: Palo Alto | F80: 94305 | G80: 6932330 | H80: Stanford Health Care/Lucile Packard Children's Hospital Stanford | I80: 602 | K80: 1 | L80: 1 | O80: Yes | P80: 1 | R80: 1 | T80: No data | U80: Yes | W80: (650) 723-4000 | X80: =_xlfn.XLOOKUP(Burndata[[#This Row],[STATE_FULL]],'[1]State Regions'!$A:$A,'[1]State Regions'!$B:$B) -> West
A81: California | B81: CA | C81: Santa Barbara | D81: 400 W Pueblo St | E81: Santa Barbara | F81: 93105 | G81: 6933375 | H81: Santa Barbara Cottage Hospital | I81: 430 | K81: 1 | O81: Yes | P81: 1 | T81: No data | U81: Yes | W81: (805) 682-7111 | X81: =_xlfn.XLOOKUP(Burndata[[#This Row],[STATE_FULL]],'[1]State Regions'!$A:$A,'[1]State Regions'!$B:$B) -> West
A82: California | B82: CA | C82: Santa Clara | D82: 751 South Bascom Ave | E82: San Jose | F82: 95128 | G82: 6933240 | H82: Santa Clara Valley Medical Center (Santa Clara Valley Medical Center Regional Burn Center) | I82: 481 | J82: 8 | K82: 1 | L82: 1 | M82: 1 | N82: 1 | O82: Yes | P82: 1 | S82: 1 | T82: Yes | U82: Yes | V82: Yes | W82: (408) 885-5000 | X82: =_xlfn.XLOOKUP(Burndata[[#This Row],[STATE_FULL]],'[1]State Regions'!$A:$A,'[1]State Regions'!$B:$B) -> West
A83: California | B83: CA | C83: Santa Clara | D83: 225 N Jackson Ave | E83: San Jose | F83: 95116 | G83: 6933199 | H83: HCA Regional Medical Center | I83: 247 | K83: 1 | O83: Yes | Q83: 1 | T83: No data | U83: Yes | W83: (408) 259-5000 | X83: =_xlfn.XLOOKUP(Burndata[[#This Row],[STATE_FULL]],'[1]State Regions'!$A:$A,'[1]State Regions'!$B:$B) -> West
A84: California | B84: CA | C84: Shasta | D84: 2175 Rosaline Ave | E84: Redding | F84: 96001 | G84: 6932520 | H84: Mercy Medical Center Redding | I84: 260 | K84: 1 | O84: Yes | Q84: 1 | T84: No data | U84: Yes | W84: (530) 225-6000 | X84: =_xlfn.XLOOKUP(Burndata[[#This Row],[STATE_FULL]],'[1]State Regions'!$A:$A,'[1]State Regions'!$B:$B) -> West
A85: California | B85: CA | C85: Solano | D85: 1 Quality Dr | E85: Vacaville | F85: 95688 | G85: 6930422 | H85: Kaiser Permanente Vacaville Medical Center | I85: 144 | K85: 1 | O85: Yes | Q85: 1 | T85: No data | U85: Yes | W85: (707) 624-4000 | X85: =_xlfn.XLOOKUP(Burndata[[#This Row],[STATE_FULL]],'[1]State Regions'!$A:$A,'[1]State Regions'!$B:$B) -> West
A86: California | B86: CA | C86: Solano | D86: 1200 B. Gale Wilson Blvd | E86: Fairfield | F86: 94533 | G86: 6930403 | H86: NorthBay Medical Center | I86: 190 | K86: 1 | O86: Yes | Q86: 1 | T86: No data | U86: Yes | W86: (707) 646-5000 | X86: =_xlfn.XLOOKUP(Burndata[[#This Row],[STATE_FULL]],'[1]State Regions'!$A:$A,'[1]State Regions'!$B:$B) -> West
A87: California | B87: CA | C87: Sonoma | D87: 1165 Montgomery Dr | E87: Santa Rosa | F87: 95405 | G87: 6930109 | H87: Santa Rosa Memorial Hospital | I87: 283 | K87: 1 | O87: Yes | Q87: 1 | T87: No data | U87: Yes | W87: (707) 522-4304 | X87: =_xlfn.XLOOKUP(Burndata[[#This Row],[STATE_FULL]],'[1]State Regions'!$A:$A,'[1]State Regions'!$B:$B) -> West
A88: California | B88: CA | C88: Stanislaus | D88: 1441 Florida Ave | E88: Modesto | F88: 95350 | G88: 6930016 | H88: Doctors Medical Center | I88: 461 | K88: 1 | O88: Yes | Q88: 1 | T88: No data | U88: Yes | W88: (209) 578-1211 | X88: =_xlfn.XLOOKUP(Burndata[[#This Row],[STATE_FULL]],'[1]State Regions'!$A:$A,'[1]State Regions'!$B:$B) -> West
A89: California | B89: CA | C89: Stanislaus | D89: 1700 Coffee Rd | E89: Modesto | F89: 95355 | G89: 6931929 | H89: Memorial Medical Center | I89: 220 | K89: 1 | O89: Yes | Q89: 1 | T89: No data | U89: Yes | W89: (209) 526-4500 | X89: =_xlfn.XLOOKUP(Burndata[[#This Row],[STATE_FULL]],'[1]State Regions'!$A:$A,'[1]State Regions'!$B:$B) -> West
A90: California | B90: CA | C90: Ventura | D90: 300 Hillmont Ave | E90: Ventura | F90: 93003 | G90: 6933820 | H90: Ventura County Medical Center | I90: 214 | K90: 1 | O90: Yes | Q90: 1 | T90: No data | U90: Yes | W90: (805) 652-6000 | X90: =_xlfn.XLOOKUP(Burndata[[#This Row],[STATE_FULL]],'[1]State Regions'!$A:$A,'[1]State Regions'!$B:$B) -> West
A91: California | B91: CA | C91: Ventura | D91: 215 West Janss Rd | E91: Thousand Oaks | F91: 91360 | G91: 6933672 | H91: Los Robles Hospital and Medical Center | I91: 382 | K91: 1 | O91: Yes | Q91: 1 | T91: No data | U91: Yes | W91: (805)370-4421 | X91: =_xlfn.XLOOKUP(Burndata[[#This Row],[STATE_FULL]],'[1]State Regions'!$A:$A,'[1]State Regions'!$B:$B) -> West
A92: Colorado | B92: CO | C92: Adams | D92: 13123 East 16th Ave | E92: Aurora | F92: 80045 | G92: 6840280 | H92: Children's Hospital Colorado (Children's Hospital Colorado Burn Center) | I92: 434 | J92: 3 | L92: 1 | N92: 1 | O92: Yes | R92: 1 | T92: No | U92: Yes | V92: No | W92: (720) 777-1234 | X92: =_xlfn.XLOOKUP(Burndata[[#This Row],[STATE_FULL]],'[1]State Regions'!$A:$A,'[1]State Regions'!$B:$B) -> West
A93: Colorado | B93: CO | C93: Adams | D93: 12605 E 16th Ave | E93: Aurora | F93: 80045 | G93: 6840430 | H93: University of Colorado Hospital (Burn & Frostbite Center at UCHealth) | I93: 825 | J93: 19 | K93: 1 | M93: 1 | O93: Yes | P93: 1 | T93: Yes | U93: Yes | V93: No | W93: (720) 848-0000 | X93: =_xlfn.XLOOKUP(Burndata[[#This Row],[STATE_FULL]],'[1]State Regions'!$A:$A,'[1]State Regions'!$B:$B) -> West
A94: Colorado | B94: CO | C94: Adams | D94: 9191 Grant St | E94: Thornton | F94: 80229 | G94: 6840458 | H94: North Suburban Medical Center | I94: 147 | K94: 1 | O94: No | Q94: 1 | T94: No data | U94: Yes | W94: (303) 451-7800 | X94: =_xlfn.XLOOKUP(Burndata[[#This Row],[STATE_FULL]],'[1]State Regions'!$A:$A,'[1]State Regions'!$B:$B) -> West
A95: Colorado | B95: CO | C95: Arapahoe | D95: 501 E Hampden Ave | E95: Englewood | F95: 80113 | G95: 6840530 | H95: Swedish Medical Center (Burn and Reconstructive Centers of Colorado) | I95: 389 | J95: 20 | K95: 1 | M95: 1 | N95: 1 | O95: Yes | P95: 1 | T95: No | U95: Yes | V95: No | W95: (303) 788-5000 | X95: =_xlfn.XLOOKUP(Burndata[[#This Row],[STATE_FULL]],'[1]State Regions'!$A:$A,'[1]State Regions'!$B:$B) -> West
A96: Colorado | B96: CO | C96: Arapahoe | D96: 1501 South Potomac St | E96: Aurora | F96: 80012 | G96: 6840014 | H96: Medical Center of Aurora | I96: 346 | K96: 1 | O96: Yes | Q96: 1 | T96: No data | U96: Yes | W96: (303) 695-2600 | X96: =_xlfn.XLOOKUP(Burndata[[#This Row],[STATE_FULL]],'[1]State Regions'!$A:$A,'[1]State Regions'!$B:$B) -> West
A97: Colorado | B97: CO | C97: Arapahoe | D97: 7700 S Broadway St | E97: Littleton | F97: 80122 | G97: 6840805 | H97: Littleton Adventist Hospital | I97: 231 | K97: 1 | O97: Yes | Q97: 1 | T97: No data | U97: Yes | W97: (303) 730-8900 | X97: =_xlfn.XLOOKUP(Burndata[[#This Row],[STATE_FULL]],'[1]State Regions'!$A:$A,'[1]State Regions'!$B:$B) -> West
A98: Colorado | B98: CO | C98: Boulder | D98: 200 Exempla Circle | E98: Lafayette | F98: 80026 | G98: 6840021 | H98: Good Samaritan Medical Center | I98: 234 | K98: 1 | O98: Yes | Q98: 1 | T98: No data | U98: Yes | W98: (303) 689-4000 | X98: =_xlfn.XLOOKUP(Burndata[[#This Row],[STATE_FULL]],'[1]State Regions'!$A:$A,'[1]State Regions'!$B:$B) -> West
A99: Colorado | B99: CO | C99: Boulder | D99: 4747 Arapahoe Ave | E99: Boulder | F99: 80304 | G99: 6840237 | H99: Boulder Community Foothills Hospital | I99: 157 | K99: 1 | O99: No | Q99: 1 | T99: No data | U99: Yes | W99: (720) 854-7000 | X99: =_xlfn.XLOOKUP(Burndata[[#This Row],[STATE_FULL]],'[1]State Regions'!$A:$A,'[1]State Regions'!$B:$B) -> West
A100: Colorado | B100: CO | C100: Denver | D100: 777 Bannock St | E100: Denver | F100: 80204 | G100: 6840290 | H100: Denver Health Medical Center | I100: 525 | K100: 1 | L100: 1 | O100: Yes | P100: 1 | S100: 1 | T100: No data | U100: Yes | W100: (303) 436-6000 | X100: =_xlfn.XLOOKUP(Burndata[[#This Row],[STATE_FULL]],'[1]State Regions'!$A:$A,'[1]State Regions'!$B:$B) -> West
...

Sheet State Population (2026)
A1: Rank | B1: State | C1: Population (Jul 1, 2025) | D1: Population (Jul 1, 2024) | E1: Numeric Change | F1: % Change (2024–2025)
A2: 1 | B2: California | C2: 39355309 | D2: 39364774 | E2: =C2-D2 -> -9465 | F2: =(C2-D2)/D2 -> -0.0002404434
A3: 2 | B3: Texas | C3: 31709821 | D3: 31318578 | E3: =C3-D3 -> 391243 | F3: =(C3-D3)/D3 -> 0.012492362
A4: 3 | B4: Florida | C4: 23462518 | D4: 23265838 | E4: =C4-D4 -> 196680 | F4: =(C4-D4)/D4 -> 0.0084535962
A5: 4 | B5: New York | C5: 20002427 | D5: 20001419 | E5: =C5-D5 -> 1008 | F5: =(C5-D5)/D5 -> 5.0396424e-05
A6: 5 | B6: Pennsylvania | C6: 13059432 | D6: 13045848 | E6: =C6-D6 -> 13584 | F6: =(C6-D6)/D6 -> 0.0010412508
A7: 6 | B7: Illinois | C7: 12719141 | D7: 12703033 | E7: =C7-D7 -> 16108 | F7: =(C7-D7)/D7 -> 0.0012680436
A8: 7 | B8: Ohio | C8: 11900510 | D8: 11860621 | E8: =C8-D8 -> 39889 | F8: =(C8-D8)/D8 -> 0.003363146
A9: 8 | B9: Georgia | C9: 11302748 | D9: 11204208 | E9: =C9-D9 -> 98540 | F9: =(C9-D9)/D9 -> 0.0087949099
A10: 9 | B10: North Carolina | C10: 11197968 | D10: 11052061 | E10: =C10-D10 -> 145907 | F10: =(C10-D10)/D10 -> 0.013201791
A11: 10 | B11: Michigan | C11: 10127884 | D11: 10099962 | E11: =C11-D11 -> 27922 | F11: =(C11-D11)/D11 -> 0.0027645649
A12: 11 | B12: New Jersey | C12: 9548215 | D12: 9506354 | E12: =C12-D12 -> 41861 | F12: =(C12-D12)/D12 -> 0.0044034758
A13: 12 | B13: Virginia | C13: 8880107 | D13: 8819642 | E13: =C13-D13 -> 60465 | F13: =(C13-D13)/D13 -> 0.0068557204
... A51: 50 | B51: Wyoming | C51: 588753 | D51: 586722 | E51: =C51-D51 -> 2031 | F51: =(C51-D51)/D51 -> 0.0034616053
A52: — | B52: District of Columbia | C52: 693645 | D52: 691310 | E52: =C52-D52 -> 2335 | F52: =(C52-D52)/D52 -> 0.0033776453
B53: U.S. Total (50 States + D.C.) | C53: =SUM(C2:C52) -> 341784857 | D53: =SUM(D2:D52) -> 340003797 | E53: =C53-D53 -> 1781060 | F53: =(C53-D53)/D53 -> 0.0052383533

Sheet State Population (2025)
A1: U.S. State Population — Vintage 2025 Estimates (July 1, 2025)
A2: Source: U.S. Census Bureau, Vintage 2025 Population Estimates (Released January 27, 2026)
A4: Rank | B4: State | C4: Population (Jul 1, 2025) | D4: Population (Jul 1, 2024) | E4: Numeric Change | F4: % Change (2024–2025)
A5: 1 | B5: California | C5: 39355309 | D5: 39364774 | E5: =C5-D5 -> -9465 | F5: =(C5-D5)/D5 -> -0.0002404434
A6: 2 | B6: Texas | C6: 31709821 | D6: 31318578 | E6: =C6-D6 -> 391243 | F6: =(C6-D6)/D6 -> 0.012492362
A7: 3 | B7: Florida | C7: 23462518 | D7: 23265838 | E7: =C7-D7 -> 196680 | F7: =(C7-D7)/D7 -> 0.0084535962
A8: 4 | B8: New York | C8: 20002427 | D8: 20001419 | E8: =C8-D8 -> 1008 | F8: =(C8-D8)/D8 -> 5.0396424e-05
A9: 5 | B9: Pennsylvania | C9: 13059432 | D9: 13045848 | E9: =C9-D9 -> 13584 | F9: =(C9-D9)/D9 -> 0.0010412508
A10: 6 | B10: Illinois | C10: 12719141 | D10: 12703033 | E10: =C10-D10 -> 16108 | F10: =(C10-D10)/D10 -> 0.0012680436
A11: 7 | B11: Ohio | C11: 11900510 | D11: 11860621 | E11: =C11-D11 -> 39889 | F11: =(C11-D11)/D11 -> 0.003363146
A12: 8 | B12: Georgia | C12: 11302748 | D12: 11204208 | E12: =C12-D12 -> 98540 | F12: =(C12-D12)/D12 -> 0.0087949099
A13: 9 | B13: North Carolina | C13: 11197968 | D13: 11052061 | E13: =C13-D13 -> 145907 | F13: =(C13-D13)/D13 -> 0.013201791
A14: 10 | B14: Michigan | C14: 10127884 | D14: 10099962 | E14: =C14-D14 -> 27922 | F14: =(C14-D14)/D14 -> 0.0027645649
A15: 11 | B15: New Jersey | C15: 9548215 | D15: 9506354 | E15: =C15-D15 -> 41861 | F15: =(C15-D15)/D15 -> 0.0044034758
A16: 12 | B16: Virginia | C16: 8880107 | D16: 8819642 | E16: =C16-D16 -> 60465 | F16: =(C16-D16)/D16 -> 0.0068557204
... A54: 50 | B54: Wyoming | C54: 588753 | D54: 586722 | E54: =C54-D54 -> 2031 | F54: =(C54-D54)/D54 -> 0.0034616053
A55: — | B55: District of Columbia | C55: 693645 | D55: 691310 | E55: =C55-D55 -> 2335 | F55: =(C55-D55)/D55 -> 0.0033776453
B56: U.S. Total (50 States + D.C.) | C56: =SUM(C5:C55) -> 341784857 | D56: =SUM(D5:D55) -> 340003797 | E56: =C56-D56 -> 1781060 | F56: =(C56-D56)/D56 -> 0.0052383533

Sheet Top 10 Summary
A1: Top 10 States — Population & Children Rankings (Vintage 2025)
A2: Source: U.S. Census Bureau, Vintage 2025 Population Estimates (Released January 27, 2026)
A4: Top 10 States by Total Population (July 1, 2025)
A5: Rank | B5: State | C5: Population (Jul 1, 2025) | D5: % of U.S. Total | E5: YoY Change
A6: 1 | B6: California | C6: 39355309 | D6: 0.1151 | E6: -9465
A7: 2 | B7: Texas | C7: 31709821 | D7: 0.0928 | E7: 391243
A8: 3 | B8: Florida | C8: 23462518 | D8: 0.0686 | E8: 196680
A9: 4 | B9: New York | C9: 20002427 | D9: 0.0585 | E9: 1008
A10: 5 | B10: Pennsylvania | C10: 13059432 | D10: 0.0382 | E10: 13584
A11: 6 | B11: Illinois | C11: 12719141 | D11: 0.0372 | E11: 16108
A12: 7 | B12: Ohio | C12: 11900510 | D12: 0.0348 | E12: 39889
A13: 8 | B13: Georgia | C13: 11302748 | D13: 0.0331 | E13: 98540
A14: 9 | B14: North Carolina | C14: 11197968 | D14: 0.0328 | E14: 145907
A15: 10 | B15: Michigan | C15: 10127884 | D15: 0.0296 | E15: 27922
A18: Top 10 States by Children Under 18 Population (July 1, 2025)
A19: Children Rank | B19: State | C19: Children Under 18 | D19: % of State Population | E19: Total Population
A20: 1 | B20: California | C20: 8640000 | D20: 0.2195 | E20: 39355309
A21: 2 | B21: Texas | C21: 7930000 | D21: 0.2501 | E21: 31709821
A22: 3 | B22: Florida | C22: 4520000 | D22: 0.1926 | E22: 23462518
A23: 4 | B23: New York | C23: 4060000 | D23: 0.203 | E23: 20002427
A24: 5 | B24: Illinois | C24: 2730000 | D24: 0.2146 | E24: 12719141
A25: 6 | B25: Pennsylvania | C25: 2700000 | D25: 0.2067 | E25: 13059432
A26: 7 | B26: Georgia | C26: 2700000 | D26: 0.2389 | E26: 11302748
A27: 8 | B27: Ohio | C27: 2560000 | D27: 0.2151 | E27: 11900510
A28: 9 | B28: North Carolina | C28: 2510000 | D28: 0.2241 | E28: 11197968
A29: 10 | B29: Michigan | C29: 2180000 | D29: 0.2152 | E29: 10127884

Sheet Children Under 18 by State
A1: U.S. Population Under Age 18 by State — Vintage 2025 Estimates (July 1, 2025)
A2: Source: U.S. Census Bureau, Vintage 2025 Population Estimates (Released January 27, 2026) — Children Under 18 = Total Population minus 18+ Population
A4: Rank (Total Pop) | B4: State | C4: Total Population (Jul 1, 2025) | D4: Children Under 18 | E4: Adults 18+ | F4: Children % of Total | G4: Children Rank
A5: 1 | B5: California | C5: 39355309 | D5: 8640000 | E5: 30715309 | F5: =D5/C5 -> 0.21953836 | G5: 1
A6: 2 | B6: Texas | C6: 31709821 | D6: 7930000 | E6: 23779821 | F6: =D6/C6 -> 0.25008025 | G6: 2
A7: 3 | B7: Florida | C7: 23462518 | D7: 4520000 | E7: 18942518 | F7: =D7/C7 -> 0.19264769 | G7: 3
A8: 4 | B8: New York | C8: 20002427 | D8: 4060000 | E8: 15942427 | F8: =D8/C8 -> 0.20297537 | G8: 4
A9: 5 | B9: Pennsylvania | C9: 13059432 | D9: 2700000 | E9: 10359432 | F9: =D9/C9 -> 0.20674712 | G9: 6
A10: 6 | B10: Illinois | C10: 12719141 | D10: 2730000 | E10: 9989141 | F10: =D10/C10 -> 0.21463714 | G10: 5
A11: 7 | B11: Ohio | C11: 11900510 | D11: 2560000 | E11: 9340510 | F11: =D11/C11 -> 0.21511683 | G11: 8
A12: 8 | B12: Georgia | C12: 11302748 | D12: 2700000 | E12: 8602748 | F12: =D12/C12 -> 0.23887996 | G12: 7
A13: 9 | B13: North Carolina | C13: 11197968 | D13: 2510000 | E13: 8687968 | F13: =D13/C13 -> 0.22414781 | G13: 9
A14: 10 | B14: Michigan | C14: 10127884 | D14: 2180000 | E14: 7947884 | F14: =D14/C14 -> 0.21524733 | G14: 10
A15: 11 | B15: New Jersey | C15: 9548215 | D15: 2020000 | E15: 7528215 | F15: =D15/C15 -> 0.21155787 | G15: 11
A16: 12 | B16: Virginia | C16: 8880107 | D16: 1930000 | E16: 6950107 | F16: =D16/C16 -> 0.21733972 | G16: 12
... A54: 50 | B54: Wyoming | C54: 588753 | D54: 133000 | E54: 455753 | F54: =D54/C54 -> 0.22590118 | G54: 49
A55: — | B55: District of Columbia | C55: 693645 | D55: 104000 | E55: 589645 | F55: =D55/C55 -> 0.1499326 | G55: 51
B56: U.S. Total (50 States + D.C.) | C56: =SUM(C5:C55) -> 341784857 | D56: =SUM(D5:D55) -> 74671000 | E56: =SUM(E5:E55) -> 267113857 | F56: =D56/C56 -> 0.21847369
A58: Note: Children under 18 derived from SCPRC-EST2025-18+POP (Total Population minus 18+ Population). D.C. shown for reference only; not a state. Utah has the highest child share (~28%); D.C. lowest (~15%).

Sheet Data Table NIRD 20230130_orig
A1: STATE_FULL | B1: STATE | C1: COUNTY | D1: ADDRESS | E1: CITY | F1: ZIP_CODE | G1: AHA_ID | H1: HOSPITAL_NAME | I1: TOTAL_BEDS | J1: BURN_BEDS | K1: TRAUMA_ADULT | L1: TRAUMA_PEDS | M1: BURN_ADULT | N1: BURN_PEDS | O1: ACS_VERIFIED | P1: ADULT_TRAUMA_L1 | Q1: ADULT_TRAUMA_L2 | R1: PEDS_TRAUMA_L1 | S1: PEDS_TRAUMA_L2 | T1: ABA_VERIFIED | U1: TC_STATE_DESIGNATED | V1: BC_STATE_DESIGNATED | W1: PHONE
A2: Alaska | B2: AK | C2: Anchorage | D2: 4315 Diplomacy Dr | E2: Anchorage | F2: 99508 | G2: 6940010 | H2: Alaska Native Medical Center | I2: 173 | K2: 1 | L2: 1 | O2: Yes | Q2: 1 | S2: 1 | U2: Yes | W2: (907) 563-2662
A3: Alaska | B3: AK | C3: Anchorage | D3: 3200 Providence Dr | E3: Anchorage | F3: 99508 | G3: 6940020 | H3: Providence Alaska Medical Center/Children's Hospital at Providence | I3: 401 | K3: 1 | L3: 1 | O3: Yes | Q3: 1 | S3: 1 | U3: Yes | W3: (907) 562-2211
A4: Alabama | B4: AL | C4: Houston | D4: 1108 Ross Clark Cir | E4: Dothan | F4: 36301 | G4: 6530373 | H4: Southeast Alabama Medical Center | I4: 387 | K4: 1 | O4: No | Q4: 1 | U4: Yes | W4: (334) 793-8111
A5: Alabama | B5: AL | C5: Jefferson | D5: 619 19th St S | E5: Birmingham | F5: 35233 | G5: 6530304 | H5: University of Alabama at Birmingham Hospital (UAB Burn Center) | I5: 1157 | J5: 28 | K5: 1 | M5: 1 | O5: Yes | P5: 1 | T5: No | U5: Yes | V5: No | W5: (205) 934-3411
A6: Alabama | B6: AL | C6: Jefferson | D6: 1600 7th Ave South | E6: Birmingham | F6: 35233 | G6: 6530170 | H6: Children's of Alabama (Children's of Alabama Burn Center) | I6: 351 | J6: 6 | L6: 1 | N6: 1 | O6: No | R6: 1 | T6: No | U6: Yes | V6: No | W6: (205) 638-9100
A7: Alabama | B7: AL | C7: Madison | D7: 101 Sivley Rd | E7: Huntsville | F7: 35801 | G7: 6530510 | H7: Huntsville Hospital | I7: 958 | K7: 1 | O7: No | P7: 1 | U7: Yes | W7: (256) 265-1000
A8: Alabama | B8: AL | C8: Mobile | D8: 2451 University Hospital Dr | E8: Mobile | F8: 36617 | G8: 6530600 | H8: USA Health University Hospital (Arnold Luterman Regional Burn Center) | I8: 214 | J8: 18 | K8: 1 | M8: 1 | O8: No | P8: 1 | T8: No | U8: Yes | V8: No | W8: (251) 471-7000
A9: Alabama | B9: AL | C9: Montgomery | D9: 2105 E South Blvd | E9: Montgomery | F9: 36116 | G9: 6530705 | H9: Baptist Medical Center South | I9: 492 | K9: 1 | O9: No | Q9: 1 | U9: Yes | W9: (334) 288-2100
A10: Arizona | B10: AZ | C10: Coconino | D10: 1200 N Beaver St | E10: Flagstaff | F10: 86001 | G10: 6860021 | H10: Flagstaff Medical Center | I10: 268 | K10: 1 | O10: Yes | Q10: 1 | U10: Yes | W10: (928) 779-3366
A11: Arizona | B11: AZ | C11: Maricopa | D11: 1955 W Frye Rd | E11: Chandler | F11: 85224 | G11: 6860028 | H11: Chandler Regional Medical Center | I11: 338 | K11: 1 | O11: Yes | P11: 1 | U11: Yes | W11: (480) 728-3000
A12: Arizona | B12: AZ | C12: Maricopa | D12: 5555 W Thunderbird Rd | E12: Glendale | F12: 85306 | G12: 6860013 | H12: Banner Thunderbird Medical Center | I12: 595 | K12: 1 | O12: Yes | Q12: 1 | U12: Yes | W12: (602) 865-5555
A13: Arizona | B13: AZ | C13: Maricopa | D13: 13677 W McDowell Rd | E13: Goodyear | F13: 85395 | G13: 6860027 | H13: Abrazo West Campus | I13: 188 | K13: 1 | O13: Yes | Q13: 1 | U13: Yes | W13: (623) 882-1500
A14: Arizona | B14: AZ | C14: Maricopa | D14: 1400 S Dobson Rd | E14: Mesa | F14: 85202 | G14: 6860016 | H14: Banner Desert Medical Center/Banner Children's at Desert | I14: 605 | K14: 1 | L14: 1 | O14: Yes | Q14: 1 | S14: 1 | U14: Yes | W14: (480) 412-3000
A15: Arizona | B15: AZ | C15: Maricopa | D15: 1111 E McDowell Rd | E15: Phoenix | F15: 85006 | G15: 6860250 | H15: Banner University Medical Center - Phoenix | I15: 698 | K15: 1 | O15: Yes | P15: 1 | U15: Yes | W15: (602) 239-2000
A16: Arizona | B16: AZ | C16: Maricopa | D16: 350 W Thomas Rd | E16: Phoenix | F16: 85013 | G16: 6860280 | H16: St. Joseph's Hospital and Medical Center | I16: 594 | K16: 1 | O16: Yes | P16: 1 | U16: Yes | W16: (602) 406-3000
A17: Arizona | B17: AZ | C17: Maricopa | D17: 19829 North 27th Ave | E17: Phoenix | F17: 85027 | G17: 6860325 | H17: HonorHealth Deer Valley Medical Center | I17: 204 | K17: 1 | O17: Yes | Q17: 1 | U17: Yes | W17: (623) 879-6100
A18: Arizona | B18: AZ | C18: Maricopa | D18: 250 E Dunlap Ave | E18: Phoenix | F18: 85020 | G18: 6860253 | H18: HonorHealth John C. Lincoln Medical Center | I18: 262 | K18: 1 | O18: Yes | P18: 1 | U18: Yes | W18: (602) 943-2381
A19: Arizona | B19: AZ | C19: Maricopa | D19: 1919 E Thomas Rd | E19: Phoenix | F19: 85016 | G19: 6860210 | H19: Phoenix Children's Hospital | I19: 403 | L19: 1 | O19: Yes | R19: 1 | U19: Yes | W19: (602) 933-1000
A20: Arizona | B20: AZ | C20: Maricopa | D20: 2601 E Roosevelt St | E20: Phoenix | F20: 85008 | G20: 6860255 | H20: Valleywise Health (Arizona Burn Center) | I20: 544 | J20: 45 | K20: 1 | M20: 1 | N20: 1 | O20: Yes | P20: 1 | T20: Yes | U20: Yes | V20: No | W20: (602) 344-5011
A21: Arizona | B21: AZ | C21: Maricopa | D21: 7400 E Osborn Rd | E21: Scottsdale | F21: 85251 | G21: 6860376 | H21: HonorHealth Scottsdale Osborn Medical Center | I21: 341 | K21: 1 | O21: Yes | P21: 1 | U21: Yes | W21: (480) 882-4000
A22: Arizona | B22: AZ | C22: Pima | D22: 1501 N Campbell Ave | E22: Tucson | F22: 85719 | G22: 6860516 | H22: Banner University Medical Center - Tucson (Burn Unit at Banner) | I22: 584 | J22: 35 | K22: 1 | L22: 1 | M22: 1 | N22: 1 | O22: Yes | P22: 1 | S22: 1 | T22: No | U22: Yes | V22: No | W22: (520) 694-0111
A23: Arizona | B23: AZ | C23: Pima | D23: 350 N Wilmot Rd | E23: Tucson | F23: 85718 | G23: 6860460 | H23: Carondelet St. Joseph's Hospital | I23: 486 | K23: 1 | O23: No | P23: 1 | U23: Yes | W23: (520) 873-3000
A24: Arkansas | B24: AR | C24: Garland | D24: 300 Werner St | E24: Hot Springs | F24: 71913 | G24: 6710300 | H24: CHI St. Vincent Hospital Hot Springs | I24: 254 | K24: 1 | O24: No | Q24: 1 | U24: Yes | W24: (501) 622-1000
A25: Arkansas | B25: AR | C25: Pulaski | D25: 1 Children's Way | E25: Little Rock | F25: 72202 | G25: 6710340 | H25: Arkansas Children's Hospital (Arkansas Children's Hospital Burn Center) | I25: 336 | J25: 10 | L25: 1 | M25: 1 | N25: 1 | O25: Yes | R25: 1 | T25: No | U25: Yes | V25: No | W25: (501) 364-1323
A26: Arkansas | B26: AR | C26: Pulaski | D26: 4301 W Markham St | E26: Little Rock | F26: 72205 | G26: 6710440 | H26: UAMS Medical Center | I26: 522 | K26: 1 | O26: Yes | P26: 1 | U26: Yes | W26: (501) 686-7000
A27: Arkansas | B27: AR | C27: Pulaski | D27: 9601 Baptist Health Dr | E27: Little Rock | F27: 72205 | G27: 6710335 | H27: Baptist Health Medical Center | I27: 740 | K27: 1 | O27: No | Q27: 1 | U27: Yes | W27: (501) 202-2000
A28: Arkansas | B28: AR | C28: Pulaski | D28: 2 St Vincent Circle | E28: Little Rock | F28: 72205 | G28: 6710400 | H28: CHI St. Vincent Infirmary | I28: 600 | K28: 1 | O28: No | Q28: 1 | U28: Yes | W28: (501) 552-3000
A29: Arkansas | B29: AR | C29: Washington | D29: 3215 N Northhills Blvd | E29: Fayetteville | F29: 72703 | G29: 6710195 | H29: Washington Regional Medical Center | I29: 342 | K29: 1 | O29: No | Q29: 1 | U29: Yes | W29: (479) 463-1000
A30: California | B30: CA | C30: Alameda | D30: 1411 East 31st St | E30: Oakland | F30: 94602 | G30: 6930275 | H30: Highland Hospital | I30: 438 | K30: 1 | O30: Yes | P30: 1 | U30: Yes | W30: (510) 437-4800
A31: California | B31: CA | C31: Alameda | D31: 20103 Lake Chabot Rd | E31: Castro Valley | F31: 94546 | G31: 6930133 | H31: Sutter Health Eden Medical Center | I31: 122 | K31: 1 | O31: Yes | Q31: 1 | U31: Yes | W31: (510) 537-1234
A32: California | B32: CA | C32: Alameda | D32: 747 52nd St | E32: Oakland | F32: 94609 | G32: 6932180 | H32: UCSF Benioff Children's Hospital Oakland | I32: 191 | L32: 1 | O32: Yes | R32: 1 | U32: Yes | W32: (510) 428-3000
A33: California | B33: CA | C33: Butte | D33: 1531 Esplanade | E33: Chico | F33: 95926 | G33: 6930096 | H33: Enloe Medical Center | I33: 229 | K33: 1 | O33: Yes | Q33: 1 | U33: Yes | W33: (530) 332-7300
A34: California | B34: CA | C34: Contra Costa | D34: 1601 Ygnacio Valley Rd | E34: Walnut Creek | F34: 94598 | G34: 6933853 | H34: John Muir Medical Center, Walnut Creek | I34: 420 | K34: 1 | O34: Yes | Q34: 1 | U34: Yes | W34: (925) 939-3000
A35: California | B35: CA | C35: Fresno | D35: 2823 Fresno St | E35: Fresno | F35: 93721 | G35: 6930790 | H35: Community Regional Medical Center (Leon S. Peters Burn Center) | I35: 852 | J35: 10 | K35: 1 | M35: 1 | N35: 1 | O35: Yes | P35: 1 | T35: Yes | U35: Yes | V35: Yes | W35: (559) 459-6000
A36: California | B36: CA | C36: Kern | D36: 420 34th St | E36: Bakersfield | F36: 93301 | G36: 6930079 | H36: The Grossman Burn Center at Bakersfield Memorial Hospital | I36: 372 | J36: 7 | M36: 1 | N36: 1 | T36: Yes | V36: Yes | W36: (661) 323-2876
A37: California | B37: CA | C37: Los Angeles | D37: 1600 West Avenue J | E37: Lancaster | F37: 93534 | G37: 6931178 | H37: Antelope Valley Hospital | I37: 368 | K37: 1 | O37: Yes | Q37: 1 | U37: Yes | W37: (661) 949-5000
A38: California | B38: CA | C38: Los Angeles | D38: 8700 Beverly Blvd | E38: West Hollywood | F38: 90048 | G38: 6930444 | H38: Cedar-Sinai Medical Center | I38: 889 | K38: 1 | O38: Yes | P38: 1 | U38: Yes | W38: (310) 423-5000
A39: California | B39: CA | C39: Los Angeles | D39: 4650 Sunset Blvd | E39: Los Angeles | F39: 90027 | G39: 6931470 | H39: Children's Hospital Los Angeles | I39: 379 | L39: 1 | O39: Yes | R39: 1 | U39: Yes | W39: (323) 660-2450
A40: California | B40: CA | C40: Los Angeles | D40: 1798 North Garey Ave | E40: Pomona | F40: 91767 | G40: 6932450 | H40: Pomona Valley Hospital Medical Center | I40: 412 | K40: 1 | O40: Yes | Q40: 1 | U40: Yes | W40: (909) 865-9500
A41: California | B41: CA | C41: Los Angeles | D41: 3630 East Imperial Hwy | E41: Lynwood | F41: 90262 | G41: 6931790 | H41: St. Francis Medical Center Lynwood | I41: 323 | K41: 1 | O41: Yes | Q41: 1 | U41: Yes | W41: (310) 900-8900
A42: California | B42: CA | C42: Los Angeles | D42: 15031 Rinaldi St | E42: Mission Hills | F42: 91345 | G42: 6932860 | H42: Providence Holy Cross Medical Center | I42: 377 | K42: 1 | O42: Yes | Q42: 1 | U42: Yes | W42: (818) 365-8051
A43: California | B43: CA | C43: Los Angeles | D43: 757 Westwood Plaza | E43: Los Angeles | F43: 90095 | G43: 6931755 | H43: Ronald Reagan UCLA Medical Center | I43: 445 | K43: 1 | O43: Yes | P43: 1 | U43: Yes | W43: (310) 825-9111
A44: California | B44: CA | C44: Los Angeles | D44: 7300 Medical Center Dr | E44: West Hills | F44: 91307 | G44: 6930379 | H44: The Grossman Burn Center at West Hills Hospital & Medical Center | I44: 225 | J44: 8 | M44: 1 | T44: Yes | V44: Yes | W44: (818) 676-4177
A45: California | B45: CA | C45: Los Angeles | D45: 3330 Lomita Blvd | E45: Torrance | F45: 90505 | G45: 6933679 | H45: Torrance Memorial Burn Center | I45: 436 | J45: 12 | M45: 1 | N45: 1 | T45: Yes | V45: Yes | W45: (310) 517-4622
A46: California | B46: CA | C46: Los Angeles | D46: 1401 S Grand Ave | E46: Los Angeles | F46: 90015 | G46: 6931440 | H46: California Hospital Medical Center | I46: 318 | K46: 1 | O46: Yes | Q46: 1 | U46: Yes | W46: (213) 748-2411
A47: California | B47: CA | C47: Los Angeles | D47: 18300 Roscoe Blvd | E47: Northridge | F47: 91335 | G47: 6932118 | H47: Northridge Hospital Medical Center | I47: 394 | K47: 1 | O47: Yes | Q47: 1 | U47: Yes | W47: (818) 885-8500
A48: California | B48: CA | C48: Los Angeles | D48: 1000 W Carson St | E48: Torrance | F48: 90502 | G48: 6933683 | H48: Harbor-UCLA Medical Center | I48: 453 | K48: 1 | O48: Yes | P48: 1 | U48: Yes | W48: (310)222-2345
A49: California | B49: CA | C49: Los Angeles | D49: 23845 McBean Pkwy | E49: Valencia | F49: 91355 | G49: 6933488 | H49: Henry Mayo Newhall Hospital | I49: 238 | K49: 1 | O49: Yes | Q49: 1 | U49: Yes | W49: (661) 200-2000
A50: California | B50: CA | C50: Los Angeles | D50: 100 W California Blvd | E50: Pasadena | F50: 91105 | G50: 6932350 | H50: Huntington Hospital | I50: 619 | K50: 1 | O50: Yes | Q50: 1 | U50: Yes | W50: (626) 397-5000
A51: California | B51: CA | C51: Los Angeles | D51: 1200 N State St | E51: Los Angeles | F51: 90033 | G51: 6931580 | H51: LAC + USC Medical Center (LAC + USC Regional Burn Center) | I51: 538 | J51: 20 | K51: 1 | M51: 1 | N51: 1 | O51: Yes | P51: 1 | T51: Yes | U51: Yes | V51: Yes | W51: (323) 409-1000
A52: California | B52: CA | C52: Los Angeles | D52: 2801 Atlantic Ave | E52: Long Beach | F52: 90806 | G52: 6931370 | H52: Long Beach Medical Center | I52: 412 | K52: 1 | O52: Yes | Q52: 1 | U52: Yes | W52: (562) 933-2000
A53: California | B53: CA | C53: Los Angeles | D53: 1050 Linden Ave | E53: Long Beach | F53: 90813 | G53: 6931360 | H53: St. Mary Medical Center Long Beach | I53: 307 | K53: 1 | O53: Yes | Q53: 1 | U53: Yes | W53: (562) 491-9000
A54: California | B54: CA | C54: Madera | D54: 9300 Valley Children's Place | E54: Madera | F54: 93636 | G54: 6930814 | H54: Valley Children's Healthcare | I54: 208 | L54: 1 | O54: Yes | S54: 1 | U54: Yes | W54: (559) 353-3000
A55: California | B55: CA | C55: Monterey | D55: 1441 Constitution Blvd | E55: Salinas | F55: 93906 | G55: 6932720 | H55: Natividad Medical Center | I55: 161 | K55: 1 | O55: Yes | Q55: 1 | U55: Yes | W55: (831) 647-7611
A56: California | B56: CA | C56: Orange | D56: 27700 Medical Center Rd | E56: Mission Viejo | F56: 92691 | G56: 6931915 | H56: Providence Mission Hospital | I56: 275 | K56: 1 | L56: 1 | O56: Yes | Q56: 1 | S56: 1 | U56: Yes | W56: (949) 364-1400
A57: California | B57: CA | C57: Orange | D57: 101 The City Dr South | E57: Orange | F57: 92868 | G57: 6932290 | H57: UC Irvine Health (UCI Regional Burn Center) | I57: 418 | J57: 8 | K57: 1 | L57: 1 | M57: 1 | N57: 1 | O57: Yes | P57: 1 | S57: 1 | T57: Yes | U57: Yes | V57: Yes | W57: (714) 456-6011
A58: California | B58: CA | C58: Orange | D58: 1201 West La Veta Ave | E58: Orange | F58: 92868 | G58: 6932287 | H58: Children's Hospital of Orange County | I58: 334 | L58: 1 | O58: Yes | S58: 1 | U58: Yes | W58: (714) 997-3000
A59: California | B59: CA | C59: Orange | D59: 1001 North Tustin Ave | E59: Santa Ana | F59: 92705 | G59: 6933377 | H59: Orange County Global Medical Center (Orange County Burn Center) | I59: 282 | J59: 7 | K59: 1 | M59: 1 | N59: 1 | O59: Yes | Q59: 1 | T59: No | U59: Yes | V59: Yes | W59: (714) 953-3500
A60: California | B60: CA | C60: Placer | D60: 1 Medical Plaza Dr | E60: Roseville | F60: 95661 | G60: 6932645 | H60: Sutter Roseville Medical Center | I60: 328 | K60: 1 | O60: Yes | Q60: 1 | U60: Yes | W60: (916) 781-1000
A61: California | B61: CA | C61: Riverside | D61: 1150 N Indian Canyon Dr | E61: Palm Springs | F61: 92262 | G61: 6932325 | H61: Desert Regional Medical Center | I61: 367 | K61: 1 | O61: Yes | Q61: 1 | U61: Yes | W61: (760) 323-6511
A62: California | B62: CA | C62: Riverside | D62: 4445 Magnolia Ave | E62: Riverside | F62: 92501 | G62: 6932585 | H62: HCA Riverside Community Hospital | I62: 373 | K62: 1 | O62: Yes | Q62: 1 | U62: Yes | W62: (951) 788-3000
A63: California | B63: CA | C63: Riverside | D63: 36485 Inland Valley Rd | E63: Wildomar | F63: 92595 | G63: 6930640 | H63: Inland Valley Medical Center | I63: 122 | K63: 1 | O63: Yes | Q63: 1 | U63: Yes | W63: (951) 677-1111
A64: California | B64: CA | C64: Riverside | D64: 26520 Cactus Avenue | E64: Moreno Valley | F64: 92555 | G64: 6930110 | H64: Riverside University Health System Medical Center | I64: 439 | K64: 1 | O64: Yes | P64: 1 | U64: Yes | W64: (951) 486-4000
A65: California | B65: CA | C65: Sacramento | D65: 6501 Coyle Ave | E65: Carmichael | F65: 95608 | G65: 6930037 | H65: Mercy San Juan Medical Center | I65: 370 | K65: 1 | O65: Yes | Q65: 1 | U65: Yes | W65: (916) 537-5000
A66: California | B66: CA | C66: Sacramento | D66: 6600 Bruceville Rd | E66: Sacramento | F66: 95823 | G66: 6932673 | H66: Kaiser Permanente South Sacramento Medical Center | I66: 241 | K66: 1 | O66: Yes | Q66: 1 | U66: Yes | W66: (916) 688-2430
A67: California | B67: CA | C67: Sacramento | D67: 2315 Stockton Blvd | E67: Sacramento | F67: 95817 | G67: 6932680 | H67: UC Davis Medical Center (UC Davis Regional Burn Center) | I67: 634 | J67: 12 | K67: 1 | L67: 1 | M67: 1 | O67: Yes | P67: 1 | R67: 1 | T67: Yes | U67: Yes | V67: Yes | W67: (916) 734-2011
A68: California | B68: CA | C68: Sacramento | D68: 2425 Stockton Blvd | E68: Sacramento | F68: 95817 | G68: 6933080 | H68: Shriners Burn Center at Shriners Hospitals for Children - Nothern California | I68: 80 | J68: 10 | N68: 1 | T68: Yes | V68: Yes | W68: (916) 453-2000
A69: California | B69: CA | C69: San Bernardino | D69: 400 N Pepper Ave | E69: Colton | F69: 92324 | G69: 6932770 | H69: Arrowhead Regional Medical Center (Edward G. Hirschman Burn Center) | I69: 456 | J69: 14 | K69: 1 | M69: 1 | N69: 1 | O69: Yes | Q69: 1 | T69: No | U69: Yes | V69: Yes | W69: (909) 580-1000
A70: California | B70: CA | C70: San Bernardino | D70: 11234 Anderson St | E70: Loma Linda | F70: 92354 | G70: 6930053 | H70: Loma Linda University Medical Center/Loma Linda University Children's Hospital | I70: 533 | K70: 1 | L70: 1 | O70: Yes | P70: 1 | R70: 1 | U70: Yes | W70: (909) 558-4000
A71: California | B71: CA | C71: San Diego | D71: 2185 West Citracado Pkwy | E71: Escondido | F71: 92029 | G71: 6930660 | H71: Palomar Medical Center Escondido | I71: 288 | K71: 1 | O71: Yes | Q71: 1 | U71: Yes | W71: (760) 739-3000
A72: California | B72: CA | C72: San Diego | D72: 3020 Children's Way | E72: San Diego | F72: 92123 | G72: 6932775 | H72: Rady Children's Hospital - San Diego | I72: 326 | L72: 1 | O72: Yes | R72: 1 | U72: Yes | W72: (858) 576-1700
A73: California | B73: CA | C73: San Diego | D73: 9888 Genessee Ave | E73: La Jolla | F73: 92037 | G73: 6931130 | H73: Scripps Memorial Hospital | I73: 426 | K73: 1 | O73: Yes | Q73: 1 | U73: Yes | W73: (858) 626-4123
A74: California | B74: CA | C74: San Diego | D74: 4077 5th Ave | E74: San Diego | F74: 92103 | G74: 6932810 | H74: Scripps Mercy Hospital | I74: 392 | K74: 1 | O74: Yes | P74: 1 | U74: Yes | W74: (619) 294-8111
A75: California | B75: CA | C75: San Diego | D75: 7901 Frost St | E75: San Diego | F75: 92123 | G75: 6932785 | H75: Sharp Memorial Hospital | I75: 459 | K75: 1 | O75: Yes | Q75: 1 | U75: Yes | W75: (858) 939-3400
A76: California | B76: CA | C76: San Diego | D76: 200 W Arbor Dr | E76: San Diego | F76: 92103 | G76: 6932820 | H76: UC San Diego Medical Center (UCSD Regional Burn Center) | I76: 723 | J76: 8 | K76: 1 | M76: 1 | N76: 1 | O76: Yes | P76: 1 | T76: Yes | U76: Yes | V76: Yes | W76: (619) 543-6222
A77: California | B77: CA | C77: San Francisco | D77: 1001 Potrero Ave | E77: San Francisco | F77: 94110 | G77: 6933060 | H77: Zuckerberg San Francisco General Hospital | I77: 297 | K77: 1 | O77: Yes | P77: 1 | U77: Yes | W77: (628) 206-8000
A78: California | B78: CA | C78: San Francisco | D78: 900 Hyde St | E78: San Francisco | F78: 94109 | G78: 6933020 | H78: Bothin Burn Center at St. Francis Memorial Hospital | I78: 239 | J78: 16 | M78: 1 | N78: 1 | T78: Yes | V78: Yes | W78: (415) 353-6000
A79: California | B79: CA | C79: San Joaquin | D79: 500 West Hospital Rd | E79: French Camp | F79: 95231 | G79: 6930780 | H79: San Joaquin General Hospital | I79: 110 | K79: 1 | O79: Yes | Q79: 1 | U79: Yes | W79: (209) 468-6000
A80: California | B80: CA | C80: Santa Clara | D80: 300 Pasteur Dr | E80: Palo Alto | F80: 94305 | G80: 6932330 | H80: Stanford Health Care/Lucile Packard Children's Hospital Stanford | I80: 602 | K80: 1 | L80: 1 | O80: Yes | P80: 1 | R80: 1 | U80: Yes | W80: (650) 723-4000
A81: California | B81: CA | C81: Santa Barbara | D81: 400 W Pueblo St | E81: Santa Barbara | F81: 93105 | G81: 6933375 | H81: Santa Barbara Cottage Hospital | I81: 430 | K81: 1 | O81: Yes | P81: 1 | U81: Yes | W81: (805) 682-7111
A82: California | B82: CA | C82: Santa Clara | D82: 751 South Bascom Ave | E82: San Jose | F82: 95128 | G82: 6933240 | H82: Santa Clara Valley Medical Center (Santa Clara Valley Medical Center Regional Burn Center) | I82: 481 | J82: 8 | K82: 1 | L82: 1 | M82: 1 | N82: 1 | O82: Yes | P82: 1 | S82: 1 | T82: Yes | U82: Yes | V82: Yes | W82: (408) 885-5000
A83: California | B83: CA | C83: Santa Clara | D83: 225 N Jackson Ave | E83: San Jose | F83: 95116 | G83: 6933199 | H83: HCA Regional Medical Center | I83: 247 | K83: 1 | O83: Yes | Q83: 1 | U83: Yes | W83: (408) 259-5000
A84: California | B84: CA | C84: Shasta | D84: 2175 Rosaline Ave | E84: Redding | F84: 96001 | G84: 6932520 | H84: Mercy Medical Center Redding | I84: 260 | K84: 1 | O84: Yes | Q84: 1 | U84: Yes | W84: (530) 225-6000
A85: California | B85: CA | C85: Solano | D85: 1 Quality Dr | E85: Vacaville | F85: 95688 | G85: 6930422 | H85: Kaiser Permanente Vacaville Medical Center | I85: 144 | K85: 1 | O85: Yes | Q85: 1 | U85: Yes | W85: (707) 624-4000
A86: California | B86: CA | C86: Solano | D86: 1200 B. Gale Wilson Blvd | E86: Fairfield | F86: 94533 | G86: 6930403 | H86: NorthBay Medical Center | I86: 190 | K86: 1 | O86: Yes | Q86: 1 | U86: Yes | W86: (707) 646-5000
A87: California | B87: CA | C87: Sonoma | D87: 1165 Montgomery Dr | E87: Santa Rosa | F87: 95405 | G87: 6930109 | H87: Santa Rosa Memorial Hospital | I87: 283 | K87: 1 | O87: Yes | Q87: 1 | U87: Yes | W87: (707) 522-4304
A88: California | B88: CA | C88: Stanislaus | D88: 1441 Florida Ave | E88: Modesto | F88: 95350 | G88: 6930016 | H88: Doctors Medical Center | I88: 461 | K88: 1 | O88: Yes | Q88: 1 | U88: Yes | W88: (209) 578-1211
A89: California | B89: CA | C89: Stanislaus | D89: 1700 Coffee Rd | E89: Modesto | F89: 95355 | G89: 6931929 | H89: Memorial Medical Center | I89: 220 | K89: 1 | O89: Yes | Q89: 1 | U89: Yes | W89: (209) 526-4500
A90: California | B90: CA | C90: Ventura | D90: 300 Hillmont Ave | E90: Ventura | F90: 93003 | G90: 6933820 | H90: Ventura County Medical Center | I90: 214 | K90: 1 | O90: Yes | Q90: 1 | U90: Yes | W90: (805) 652-6000
A91: California | B91: CA | C91: Ventura | D91: 215 West Janss Rd | E91: Thousand Oaks | F91: 91360 | G91: 6933672 | H91: Los Robles Hospital and Medical Center | I91: 382 | K91: 1 | O91: Yes | Q91: 1 | U91: Yes | W91: (805)370-4421
A92: Colorado | B92: CO | C92: Adams | D92: 13123 East 16th Ave | E92: Aurora | F92: 80045 | G92: 6840280 | H92: Children's Hospital Colorado (Children's Hospital Colorado Burn Center) | I92: 434 | J92: 3 | L92: 1 | N92: 1 | O92: Yes | R92: 1 | T92: No | U92: Yes | V92: No | W92: (720) 777-1234
A93: Colorado | B93: CO | C93: Adams | D93: 12605 E 16th Ave | E93: Aurora | F93: 80045 | G93: 6840430 | H93: University of Colorado Hospital (Burn & Frostbite Center at UCHealth) | I93: 825 | J93: 19 | K93: 1 | M93: 1 | O93: Yes | P93: 1 | T93: Yes | U93: Yes | V93: No | W93: (720) 848-0000
A94: Colorado | B94: CO | C94: Adams | D94: 9191 Grant St | E94: Thornton | F94: 80229 | G94: 6840458 | H94: North Suburban Medical Center | I94: 147 | K94: 1 | O94: No | Q94: 1 | U94: Yes | W94: (303) 451-7800
A95: Colorado | B95: CO | C95: Arapahoe | D95: 501 E Hampden Ave | E95: Englewood | F95: 80113 | G95: 6840530 | H95: Swedish Medical Center (Burn and Reconstructive Centers of Colorado) | I95: 389 | J95: 20 | K95: 1 | M95: 1 | N95: 1 | O95: Yes | P95: 1 | T95: No | U95: Yes | V95: No | W95: (303) 788-5000
A96: Colorado | B96: CO | C96: Arapahoe | D96: 1501 South Potomac St | E96: Aurora | F96: 80012 | G96: 6840014 | H96: Medical Center of Aurora | I96: 346 | K96: 1 | O96: Yes | Q96: 1 | U96: Yes | W96: (303) 695-2600
A97: Colorado | B97: CO | C97: Arapahoe | D97: 7700 S Broadway St | E97: Littleton | F97: 80122 | G97: 6840805 | H97: Littleton Adventist Hospital | I97: 231 | K97: 1 | O97: Yes | Q97: 1 | U97: Yes | W97: (303) 730-8900
A98: Colorado | B98: CO | C98: Boulder | D98: 200 Exempla Circle | E98: Lafayette | F98: 80026 | G98: 6840021 | H98: Good Samaritan Medical Center | I98: 234 | K98: 1 | O98: Yes | Q98: 1 | U98: Yes | W98: (303) 689-4000
A99: Colorado | B99: CO | C99: Boulder | D99: 4747 Arapahoe Ave | E99: Boulder | F99: 80304 | G99: 6840237 | H99: Boulder Community Foothills Hospital | I99: 157 | K99: 1 | O99: No | Q99: 1 | U99: Yes | W99: (720) 854-7000
A100: Colorado | B100: CO | C100: Denver | D100: 777 Bannock St | E100: Denver | F100: 80204 | G100: 6840290 | H100: Denver Health Medical Center | I100: 525 | K100: 1 | L100: 1 | O100: Yes | P100: 1 | S100: 1 | U100: Yes | W100: (303) 436-6000
...
